pid,type
0,Unknown
1,House
2,House
3,Apartment
4,Apartment
5,Apartment
6,Apartment
7,Apartment
8,Apartment
9,Apartment
10,Condo
11,Condo
12,Unknown
13,House
14,Condo
15,House
16,Apartment
17,Apartment
18,Apartment
19,Apartment
20,Apartment
21,Apartment
22,Apartment
23,Apartment
24,Apartment
25,Apartment
26,Apartment
27,Apartment
28,Apartment
29,Apartment
30,Apartment
31,Apartment
32,Apartment
33,Apartment
34,Apartment
35,Apartment
36,Apartment
37,Apartment
38,Apartment
39,Apartment
40,Apartment
41,Apartment
42,Apartment
43,Apartment
44,Apartment
45,Apartment
46,Apartment
47,Apartment
48,Apartment
49,Apartment
50,Apartment
51,Apartment
52,Apartment
53,Apartment
54,Apartment
55,Apartment
56,Apartment
57,Apartment
58,Apartment
59,Apartment
60,Apartment
61,Apartment
62,Apartment
63,Apartment
64,Apartment
65,Apartment
66,Apartment
67,Apartment
68,Apartment
69,Apartment
70,Apartment
71,Apartment
72,Apartment
73,Apartment
74,Apartment
75,Apartment
76,Apartment
77,Apartment
78,Apartment
79,Apartment
80,Apartment
81,Apartment
82,Apartment
83,Apartment
84,Apartment
85,Apartment
86,Apartment
87,Apartment
88,Apartment
89,Apartment
90,Apartment
91,Apartment
92,Apartment
93,Apartment
94,Apartment
95,Apartment
96,Apartment
97,Apartment
98,Apartment
99,Apartment
100,Apartment
101,Apartment
102,Apartment
103,Apartment
104,Apartment
105,Apartment
106,Apartment
107,Apartment
108,Apartment
109,Apartment
110,Apartment
111,Apartment
112,Apartment
113,Apartment
114,Apartment
115,Apartment
116,Apartment
117,Apartment
118,Apartment
119,Apartment
120,Apartment
121,Apartment
122,Apartment
123,Apartment
124,Apartment
125,Apartment
126,House
127,Condo
128,House
129,House
130,Condo
131,Condo
132,Townhome
133,Condo
134,Condo
135,Condo
136,Condo
137,Condo
138,Townhome
139,Condo
140,Condo
141,Condo
142,Unknown
143,Unknown
144,Condo
145,House
146,Townhome
147,Condo
148,Townhome
149,Unknown
150,Unknown
151,Unknown
152,Unknown
153,Condo
154,Townhome
155,Condo
156,Unknown
157,Condo
158,Condo
159,Apartment
160,Apartment
161,Apartment
162,Apartment
163,Apartment
164,Apartment
165,Apartment
166,Apartment
167,Condo
168,Condo
169,Townhome
170,Condo
171,Condo
172,Condo
173,Condo
174,Condo
175,Condo
176,Condo
177,House
178,Condo
179,Condo
180,Townhome
181,Condo
182,Condo
183,House
184,Condo
185,Condo
186,Condo
187,Condo
188,Condo
189,Condo
190,Condo
191,Condo
192,Townhome
193,Townhome
194,Townhome
195,House
196,House
197,Townhome
198,Condo
199,Townhome
200,House
201,Townhome
202,Condo
203,Townhome
204,Townhome
205,Townhome
206,Condo
207,Condo
208,Condo
209,Townhome
210,House
211,Condo
212,House
213,House
214,Townhome
215,Condo
216,Condo
217,House
218,Condo
219,Townhome
220,Townhome
221,Townhome
222,Condo
223,Townhome
224,Townhome
225,Condo
226,Townhome
227,Condo
228,Condo
229,Townhome
230,Condo
231,Townhome
232,Townhome
233,Townhome
234,Townhome
235,Condo
236,Condo
237,Condo
238,Condo
239,Condo
240,Townhome
241,Townhome
242,Condo
243,House
244,Townhome
245,Condo
246,Townhome
247,Townhome
248,Condo
249,Townhome
250,Condo
251,Condo
252,Townhome
253,House
254,Condo
255,Unknown
256,Townhome
257,Condo
258,Condo
259,Townhome
260,Townhome
261,Condo
262,Townhome
263,Townhome
264,Townhome
265,House
266,Townhome
267,Townhome
268,Townhome
269,Unknown
270,Townhome
271,Condo
272,Condo
273,Townhome
274,Condo
275,House
276,House
277,House
278,Condo
279,Townhome
280,Townhome
281,Townhome
282,Condo
283,Condo
284,Condo
285,Townhome
286,House
287,Condo
288,Condo
289,House
290,Townhome
291,Townhome
292,Townhome
293,Condo
294,Unknown
295,House
296,Unknown
297,Condo
298,Townhome
299,Townhome
300,Townhome
301,Townhome
302,Condo
303,Townhome
304,Condo
305,Townhome
306,Townhome
307,House
308,Townhome
309,Condo
310,House
311,Condo
312,House
313,House
314,House
315,Condo
316,Condo
317,Condo
318,House
319,Condo
320,Townhome
321,House
322,Condo
323,Condo
324,Townhome
325,House
326,Townhome
327,Townhome
328,Unknown
329,Unknown
330,House
331,Condo
332,Condo
333,Unknown
334,Townhome
335,Townhome
336,Townhome
337,Townhome
338,Condo
339,Condo
340,House
341,Townhome
342,Townhome
343,Townhome
344,Townhome
345,Condo
346,Unknown
347,Condo
348,Condo
349,Townhome
350,Condo
351,Condo
352,Condo
353,Townhome
354,House
355,Condo
356,Condo
357,Condo
358,Townhome
359,Condo
360,Townhome
361,Unknown
362,Townhome
363,House
364,Townhome
365,Townhome
366,Condo
367,Townhome
368,Condo
369,Townhome
370,Condo
371,Townhome
372,Townhome
373,Condo
374,Townhome
375,Condo
376,Unknown
377,Condo
378,Townhome
379,Condo
380,Townhome
381,Townhome
382,Townhome
383,House
384,House
385,Condo
386,Townhome
387,Townhome
388,Condo
389,Townhome
390,Condo
391,Condo
392,Condo
393,Townhome
394,Unknown
395,House
396,House
397,House
398,House
399,Townhome
400,House
401,Townhome
402,Unknown
403,Townhome
404,Townhome
405,Condo
406,Condo
407,Townhome
408,Condo
409,House
410,Townhome
411,House
412,House
413,House
414,Townhome
415,Townhome
416,Townhome
417,Townhome
418,Townhome
419,House
420,House
421,Condo
422,House
423,House
424,Condo
425,House
426,House
427,House
428,House
429,House
430,House
431,House
432,House
433,House
434,House
435,Condo
436,House
437,Condo
438,House
439,Condo
440,House
441,House
442,House
443,House
444,Condo
445,Townhome
446,Townhome
447,Townhome
448,Condo
449,House
450,House
451,House
452,House
453,Townhome
454,Townhome
455,Condo
456,House
457,House
458,Unknown
459,Unknown
460,Unknown
461,Townhome
462,House
463,Condo
464,Unknown
465,House
466,Condo
467,Condo
468,Condo
469,House
470,House
471,Townhome
472,Condo
473,Condo
474,Townhome
475,House
476,House
477,House
478,House
479,Townhome
480,House
481,House
482,Condo
483,House
484,House
485,House
486,House
487,Apartment
488,House
489,Apartment
490,Apartment
491,Apartment
492,Apartment
493,Apartment
494,Apartment
495,Apartment
496,Apartment
497,Apartment
498,Apartment
499,Apartment
500,Apartment
501,Apartment
502,Apartment
503,Apartment
504,Apartment
505,Apartment
506,Apartment
507,Apartment
508,Apartment
509,Apartment
510,Apartment
511,Apartment
512,Apartment
513,Apartment
514,Apartment
515,Apartment
516,Apartment
517,Apartment
518,Apartment
519,Apartment
520,Apartment
521,Apartment
522,Apartment
523,Apartment
524,Apartment
525,Apartment
526,Apartment
527,Apartment
528,Apartment
529,Apartment
530,Apartment
531,Apartment
532,Apartment
533,Apartment
534,Apartment
535,Apartment
536,Apartment
537,Apartment
538,Apartment
539,Apartment
540,Apartment
541,Apartment
542,Apartment
543,Apartment
544,Apartment
545,Apartment
546,Apartment
547,Apartment
548,Apartment
549,Apartment
550,Apartment
551,Apartment
552,Apartment
553,Apartment
554,Apartment
555,Apartment
556,Apartment
557,Apartment
558,Apartment
559,Apartment
560,Apartment
561,Apartment
562,Apartment
563,Apartment
564,Apartment
565,Apartment
566,Apartment
567,Apartment
568,Apartment
569,Apartment
570,Apartment
571,Apartment
572,Apartment
573,Apartment
574,Apartment
575,Apartment
576,Apartment
577,Apartment
578,Apartment
579,Apartment
580,Apartment
581,Apartment
582,Apartment
583,Apartment
584,Apartment
585,Apartment
586,Apartment
587,Apartment
588,Apartment
589,Apartment
590,Apartment
591,Apartment
592,Apartment
593,Apartment
594,Apartment
595,Apartment
596,Apartment
597,Apartment
598,Apartment
599,Apartment
600,Apartment
601,Apartment
602,Apartment
603,Apartment
604,Apartment
605,Apartment
606,Apartment
607,Apartment
608,Apartment
609,Apartment
610,Apartment
611,Apartment
612,Apartment
613,Apartment
614,Apartment
615,Apartment
616,Apartment
617,Apartment
618,Apartment
619,Apartment
620,Apartment
621,Apartment
622,Apartment
623,Apartment
624,Apartment
625,Apartment
626,Apartment
627,Apartment
628,Apartment
629,Apartment
630,Apartment
631,Apartment
632,Apartment
633,Apartment
634,Apartment
635,Apartment
636,Condo
637,House
638,Condo
639,House
640,Townhome
641,House
642,House
643,Condo
644,Townhome
645,House
646,House
647,Unknown
648,House
649,Unknown
650,Townhome
651,Townhome
652,Condo
653,Condo
654,House
655,Condo
656,Townhome
657,House
658,Condo
659,Townhome
660,House
661,Condo
662,House
663,House
664,Townhome
665,House
666,House
667,Townhome
668,House
669,Townhome
670,Apartment
671,Apartment
672,Apartment
673,Apartment
674,Apartment
675,Apartment
676,Apartment
677,Apartment
678,Apartment
679,Apartment
680,Apartment
681,Apartment
682,Apartment
683,Apartment
684,Apartment
685,Apartment
686,Apartment
687,Apartment
688,Apartment
689,Apartment
690,Condo
691,Unknown
692,Condo
693,Townhome
694,Condo
695,Apartment
696,Condo
697,Townhome
698,Condo
699,Condo
700,House
701,Townhome
702,House
703,House
704,Condo
705,Condo
706,Condo
707,Townhome
708,House
709,House
710,Townhome
711,House
712,House
713,Townhome
714,House
715,Townhome
716,Townhome
717,House
718,House
719,Townhome
720,Townhome
721,House
722,Condo
723,Condo
724,Condo
725,Condo
726,Condo
727,Condo
728,Condo
729,Unknown
730,Unknown
731,Unknown
732,House
733,Condo
734,Townhome
735,House
736,House
737,Condo
738,House
739,House
740,Townhome
741,Townhome
742,Townhome
743,Townhome
744,House
745,House
746,Townhome
747,Condo
748,House
749,House
750,House
751,House
752,House
753,Unknown
754,Townhome
755,Condo
756,House
757,Condo
758,Condo
759,Condo
760,Condo
761,Condo
762,Townhome
763,House
764,Townhome
765,Townhome
766,House
767,House
768,House
769,House
770,House
771,House
772,House
773,House
774,Townhome
775,House
776,House
777,House
778,Condo
779,Townhome
780,Townhome
781,House
782,Townhome
783,Townhome
784,Townhome
785,Townhome
786,Townhome
787,Townhome
788,House
789,House
790,House
791,Condo
792,House
793,House
794,Townhome
795,Apartment
796,Apartment
797,Apartment
798,Apartment
799,Apartment
800,Apartment
801,Apartment
802,Apartment
803,Apartment
804,Apartment
805,Apartment
806,Apartment
807,Apartment
808,Apartment
809,Apartment
810,Apartment
811,Apartment
812,Apartment
813,Apartment
814,Apartment
815,Apartment
816,Apartment
817,Apartment
818,Apartment
819,Apartment
820,Apartment
821,Apartment
822,Apartment
823,Apartment
824,Apartment
825,Apartment
826,Apartment
827,Apartment
828,Apartment
829,Apartment
830,Apartment
831,Apartment
832,Apartment
833,Apartment
834,Apartment
835,Apartment
836,Apartment
837,Apartment
838,Apartment
839,Apartment
840,Apartment
841,Apartment
842,Apartment
843,Apartment
844,Apartment
845,Apartment
846,Apartment
847,Apartment
848,Apartment
849,Apartment
850,Apartment
851,Apartment
852,Apartment
853,House
854,House
855,Townhome
856,Townhome
857,House
858,House
859,House
860,House
861,Townhome
862,Apartment
863,Apartment
864,Apartment
865,Apartment
866,Apartment
867,Apartment
868,Apartment
869,Apartment
870,Apartment
871,Apartment
872,Apartment
873,Apartment
874,Apartment
875,Apartment
876,Apartment
877,Apartment
878,Apartment
879,Apartment
880,Apartment
881,Apartment
882,Apartment
883,Apartment
884,Apartment
885,Apartment
886,Apartment
887,Apartment
888,Apartment
889,Apartment
890,Apartment
891,Apartment
892,Apartment
893,Apartment
894,Apartment
895,Apartment
896,Apartment
897,Apartment
898,Apartment
899,Apartment
900,Apartment
901,Apartment
902,Apartment
903,Apartment
904,Apartment
905,Apartment
906,Apartment
907,Apartment
908,Apartment
909,Apartment
910,Apartment
911,Apartment
912,Apartment
913,Apartment
914,Apartment
915,Apartment
916,Apartment
917,Apartment
918,Apartment
919,Apartment
920,Apartment
921,Apartment
922,Apartment
923,Apartment
924,Apartment
925,Apartment
926,Apartment
927,Apartment
928,Apartment
929,Apartment
930,Apartment
931,Apartment
932,Apartment
933,Apartment
934,Apartment
935,Apartment
936,Apartment
937,Apartment
938,Apartment
939,Apartment
940,Apartment
941,Apartment
942,Apartment
943,Apartment
944,Apartment
945,Apartment
946,Apartment
947,Apartment
948,Apartment
949,Apartment
950,Apartment
951,Apartment
952,Apartment
953,Apartment
954,Apartment
955,Apartment
956,Apartment
957,Apartment
958,Apartment
959,Apartment
960,Apartment
961,Apartment
962,Apartment
963,Apartment
964,Apartment
965,Apartment
966,Apartment
967,Apartment
968,Apartment
969,Apartment
970,Apartment
971,Apartment
972,Apartment
973,Apartment
974,Apartment
975,Apartment
976,Apartment
977,Apartment
978,Apartment
979,Apartment
980,Apartment
981,Apartment
982,Apartment
983,Apartment
984,Apartment
985,Apartment
986,Apartment
987,Apartment
988,Apartment
989,Apartment
990,Apartment
991,Apartment
992,Apartment
993,Apartment
994,Apartment
995,Apartment
996,Apartment
997,Condo
998,Condo
999,Condo
1000,Condo
1001,Unknown
1002,House
1003,Condo
1004,Condo
1005,Condo
1006,Unknown
1007,Unknown
1008,Condo
1009,Condo
1010,Unknown
1011,Condo
1012,Unknown
1013,Condo
1014,House
1015,Unknown
1016,Unknown
1017,Unknown
1018,Condo
1019,House
1020,Condo
1021,Condo
1022,Unknown
1023,Unknown
1024,Condo
1025,Unknown
1026,Condo
1027,Unknown
1028,Condo
1029,Condo
1030,Condo
1031,Unknown
1032,Condo
1033,Unknown
1034,Townhome
1035,Unknown
1036,Condo
1037,Condo
1038,Townhome
1039,House
1040,Condo
1041,Condo
1042,Condo
1043,Unknown
1044,House
1045,House
1046,Apartment
1047,Apartment
1048,Apartment
1049,Apartment
1050,Apartment
1051,Apartment
1052,Apartment
1053,Apartment
1054,Apartment
1055,Apartment
1056,Apartment
1057,Apartment
1058,Condo
1059,Condo
1060,Condo
1061,Condo
1062,Condo
1063,Condo
1064,Condo
1065,Condo
1066,Condo
1067,Condo
1068,Townhome
1069,Condo
1070,Condo
1071,Condo
1072,House
1073,Condo
1074,Condo
1075,Condo
1076,Condo
1077,Condo
1078,House
1079,Townhome
1080,Condo
1081,Condo
1082,Condo
1083,House
1084,House
1085,Condo
1086,Condo
1087,Condo
1088,Townhome
1089,Condo
1090,Condo
1091,House
1092,House
1093,House
1094,Townhome
1095,Condo
1096,Townhome
1097,Condo
1098,Condo
1099,Condo
1100,Condo
1101,Condo
1102,Townhome
1103,House
1104,Condo
1105,House
1106,Condo
1107,Townhome
1108,Townhome
1109,Condo
1110,House
1111,House
1112,House
1113,House
1114,House
1115,House
1116,Condo
1117,Condo
1118,Condo
1119,Condo
1120,House
1121,Condo
1122,Townhome
1123,Condo
1124,House
1125,Condo
1126,House
1127,Unknown
1128,Townhome
1129,House
1130,House
1131,Condo
1132,Townhome
1133,House
1134,Townhome
1135,Condo
1136,House
1137,Condo
1138,Unknown
1139,House
1140,House
1141,Condo
1142,House
1143,Condo
1144,House
1145,Townhome
1146,House
1147,Townhome
1148,Condo
1149,Condo
1150,House
1151,House
1152,House
1153,Condo
1154,House
1155,House
1156,Townhome
1157,House
1158,House
1159,Townhome
1160,Townhome
1161,Townhome
1162,Condo
1163,House
1164,Condo
1165,House
1166,House
1167,Townhome
1168,Condo
1169,House
1170,Condo
1171,Condo
1172,Townhome
1173,House
1174,House
1175,Condo
1176,Unknown
1177,Condo
1178,House
1179,Condo
1180,Townhome
1181,Townhome
1182,Condo
1183,Condo
1184,Condo
1185,Unknown
1186,House
1187,House
1188,House
1189,Condo
1190,Condo
1191,Condo
1192,House
1193,Townhome
1194,Townhome
1195,Townhome
1196,Condo
1197,Townhome
1198,Condo
1199,Condo
1200,Condo
1201,Condo
1202,Unknown
1203,Condo
1204,Condo
1205,Condo
1206,Condo
1207,Condo
1208,Condo
1209,Condo
1210,Condo
1211,Condo
1212,Condo
1213,Condo
1214,Condo
1215,Condo
1216,Townhome
1217,House
1218,Townhome
1219,House
1220,Condo
1221,Condo
1222,House
1223,House
1224,House
1225,House
1226,House
1227,Condo
1228,House
1229,House
1230,Condo
1231,Condo
1232,Condo
1233,Condo
1234,Condo
1235,House
1236,House
1237,House
1238,Condo
1239,House
1240,Unknown
1241,House
1242,Condo
1243,Condo
1244,Condo
1245,Condo
1246,Condo
1247,Condo
1248,Apartment
1249,Townhome
1250,Condo
1251,House
1252,Condo
1253,Condo
1254,Apartment
1255,Apartment
1256,Apartment
1257,Apartment
1258,Apartment
1259,Apartment
1260,Apartment
1261,Apartment
1262,Apartment
1263,Apartment
1264,Apartment
1265,Apartment
1266,Apartment
1267,Apartment
1268,Apartment
1269,Apartment
1270,Apartment
1271,Apartment
1272,Apartment
1273,Apartment
1274,Apartment
1275,Apartment
1276,Apartment
1277,Apartment
1278,Apartment
1279,Apartment
1280,Apartment
1281,Apartment
1282,Apartment
1283,Apartment
1284,Apartment
1285,Apartment
1286,Apartment
1287,Apartment
1288,Apartment
1289,Apartment
1290,Apartment
1291,Apartment
1292,Apartment
1293,Apartment
1294,Apartment
1295,Apartment
1296,Apartment
1297,Apartment
1298,Apartment
1299,Apartment
1300,Apartment
1301,Apartment
1302,Apartment
1303,Apartment
1304,Apartment
1305,Apartment
1306,Apartment
1307,Apartment
1308,Apartment
1309,Apartment
1310,Apartment
1311,Apartment
1312,Apartment
1313,Apartment
1314,Apartment
1315,Apartment
1316,Apartment
1317,Apartment
1318,Apartment
1319,Apartment
1320,Apartment
1321,Apartment
1322,Apartment
1323,Apartment
1324,Apartment
1325,Apartment
1326,Apartment
1327,Apartment
1328,Apartment
1329,Apartment
1330,Apartment
1331,Apartment
1332,Apartment
1333,Apartment
1334,Apartment
1335,Apartment
1336,Apartment
1337,Apartment
1338,Apartment
1339,Apartment
1340,Apartment
1341,Apartment
1342,Apartment
1343,Apartment
1344,Apartment
1345,Apartment
1346,Apartment
1347,Apartment
1348,Apartment
1349,Apartment
1350,Apartment
1351,Apartment
1352,Apartment
1353,Apartment
1354,Apartment
1355,Apartment
1356,Apartment
1357,Apartment
1358,Apartment
1359,Apartment
1360,Apartment
1361,Apartment
1362,Apartment
1363,Apartment
1364,Apartment
1365,Apartment
1366,Apartment
1367,Apartment
1368,Apartment
1369,Apartment
1370,Apartment
1371,Apartment
1372,Apartment
1373,Apartment
1374,Apartment
1375,Apartment
1376,Apartment
1377,Apartment
1378,Apartment
1379,Apartment
1380,Apartment
1381,Apartment
1382,Apartment
1383,Apartment
1384,Apartment
1385,Apartment
1386,Apartment
1387,Apartment
1388,Apartment
1389,Apartment
1390,Apartment
1391,Apartment
1392,Apartment
1393,Apartment
1394,Apartment
1395,Apartment
1396,Apartment
1397,Apartment
1398,Apartment
1399,Apartment
1400,Apartment
1401,Apartment
1402,Apartment
1403,Apartment
1404,Apartment
1405,Apartment
1406,Apartment
1407,Apartment
1408,Apartment
1409,Apartment
1410,Apartment
1411,Apartment
1412,Apartment
1413,Apartment
1414,Apartment
1415,Apartment
1416,Apartment
1417,Apartment
1418,Apartment
1419,Apartment
1420,Apartment
1421,Apartment
1422,Apartment
1423,Apartment
1424,House
1425,Townhome
1426,House
1427,House
1428,House
1429,House
1430,House
1431,Unknown
1432,Townhome
1433,Condo
1434,House
1435,House
1436,Condo
1437,House
1438,Unknown
1439,Townhome
1440,Condo
1441,Townhome
1442,Condo
1443,Apartment
1444,Apartment
1445,Apartment
1446,Apartment
1447,Apartment
1448,Apartment
1449,Apartment
1450,Apartment
1451,Apartment
1452,Apartment
1453,Apartment
1454,Apartment
1455,Apartment
1456,Apartment
1457,Apartment
1458,Townhome
1459,Townhome
1460,Townhome
1461,Unknown
1462,Unknown
1463,Condo
1464,Condo
1465,Townhome
1466,Townhome
1467,House
1468,Condo
1469,Townhome
1470,Townhome
1471,Townhome
1472,Townhome
1473,Townhome
1474,Townhome
1475,Townhome
1476,Townhome
1477,Townhome
1478,Townhome
1479,Townhome
1480,House
1481,Townhome
1482,Townhome
1483,Townhome
1484,House
1485,Townhome
1486,House
1487,Unknown
1488,Townhome
1489,Condo
1490,House
1491,Townhome
1492,House
1493,House
1494,House
1495,House
1496,House
1497,Townhome
1498,Unknown
1499,Townhome
1500,Townhome
1501,Condo
1502,Townhome
1503,Townhome
1504,Townhome
1505,Townhome
1506,Condo
1507,Condo
1508,Townhome
1509,Townhome
1510,House
1511,Condo
1512,Townhome
1513,Unknown
1514,Condo
1515,Condo
1516,House
1517,Townhome
1518,House
1519,Townhome
1520,House
1521,Townhome
1522,Townhome
1523,Condo
1524,House
1525,Townhome
1526,Townhome
1527,Townhome
1528,House
1529,Townhome
1530,Townhome
1531,Condo
1532,Townhome
1533,Townhome
1534,Townhome
1535,Townhome
1536,Townhome
1537,Townhome
1538,House
1539,Townhome
1540,House
1541,Townhome
1542,Townhome
1543,Townhome
1544,Townhome
1545,House
1546,Townhome
1547,House
1548,House
1549,House
1550,House
1551,House
1552,House
1553,House
1554,House
1555,Unknown
1556,Unknown
1557,Townhome
1558,Townhome
1559,House
1560,Townhome
1561,Townhome
1562,House
1563,Apartment
1564,Apartment
1565,Apartment
1566,Apartment
1567,Apartment
1568,Apartment
1569,Apartment
1570,Apartment
1571,Apartment
1572,Apartment
1573,Apartment
1574,Apartment
1575,Apartment
1576,Apartment
1577,Apartment
1578,Apartment
1579,House
1580,Condo
1581,Condo
1582,House
1583,House
1584,Condo
1585,House
1586,House
1587,Apartment
1588,Apartment
1589,Apartment
1590,Apartment
1591,Apartment
1592,Apartment
1593,Apartment
1594,Apartment
1595,Apartment
1596,Apartment
1597,Apartment
1598,Apartment
1599,Apartment
1600,Apartment
1601,Apartment
1602,Apartment
1603,Apartment
1604,Apartment
1605,Apartment
1606,Apartment
1607,Apartment
1608,Apartment
1609,Apartment
1610,Apartment
1611,Apartment
1612,Apartment
1613,Apartment
1614,Apartment
1615,Apartment
1616,Apartment
1617,Apartment
1618,Apartment
1619,Apartment
1620,Apartment
1621,Apartment
1622,Condo
1623,Unknown
1624,House
1625,House
1626,Unknown
1627,Unknown
1628,Condo
1629,Condo
1630,Condo
1631,Apartment
1632,Apartment
1633,Apartment
1634,Condo
1635,House
1636,Condo
1637,House
1638,Townhome
1639,House
1640,House
1641,House
1642,House
1643,House
1644,House
1645,House
1646,Condo
1647,House
1648,House
1649,Townhome
1650,Townhome
1651,Condo
1652,House
1653,Condo
1654,House
1655,House
1656,Townhome
1657,Condo
1658,Condo
1659,Condo
1660,House
1661,Condo
1662,Townhome
1663,Condo
1664,Condo
1665,House
1666,House
1667,House
1668,Unknown
1669,Condo
1670,Condo
1671,Condo
1672,House
1673,House
1674,Condo
1675,Townhome
1676,House
1677,House
1678,House
1679,Condo
1680,Condo
1681,Condo
1682,House
1683,Townhome
1684,House
1685,Unknown
1686,Condo
1687,House
1688,House
1689,Townhome
1690,House
1691,House
1692,House
1693,House
1694,House
1695,House
1696,Townhome
1697,House
1698,House
1699,House
1700,House
1701,Condo
1702,House
1703,Condo
1704,Unknown
1705,House
1706,House
1707,House
1708,Unknown
1709,Condo
1710,House
1711,House
1712,Condo
1713,House
1714,Condo
1715,House
1716,House
1717,House
1718,House
1719,House
1720,House
1721,House
1722,House
1723,Condo
1724,Townhome
1725,House
1726,House
1727,Condo
1728,House
1729,House
1730,House
1731,House
1732,Condo
1733,Condo
1734,Condo
1735,Townhome
1736,House
1737,House
1738,House
1739,House
1740,House
1741,House
1742,House
1743,House
1744,Condo
1745,House
1746,House
1747,House
1748,House
1749,House
1750,House
1751,House
1752,Condo
1753,House
1754,House
1755,House
1756,Unknown
1757,House
1758,Condo
1759,Apartment
1760,Condo
1761,Townhome
1762,House
1763,House
1764,House
1765,Apartment
1766,Apartment
1767,Apartment
1768,Apartment
1769,Apartment
1770,Apartment
1771,Apartment
1772,Apartment
1773,Apartment
1774,Apartment
1775,Apartment
1776,Apartment
1777,Apartment
1778,Apartment
1779,Apartment
1780,Apartment
1781,Apartment
1782,Apartment
1783,Apartment
1784,Apartment
1785,Apartment
1786,Apartment
1787,Apartment
1788,Apartment
1789,Apartment
1790,Apartment
1791,Apartment
1792,Apartment
1793,Apartment
1794,Apartment
1795,Apartment
1796,Apartment
1797,Apartment
1798,Apartment
1799,Apartment
1800,Apartment
1801,Apartment
1802,Apartment
1803,Apartment
1804,Apartment
1805,Apartment
1806,Apartment
1807,Apartment
1808,Apartment
1809,Apartment
1810,Apartment
1811,Apartment
1812,Apartment
1813,Condo
1814,Apartment
1815,Apartment
1816,Apartment
1817,Condo
1818,Condo
1819,Apartment
1820,Apartment
1821,Apartment
1822,Apartment
1823,Apartment
1824,Apartment
1825,Apartment
1826,Apartment
1827,Apartment
1828,Apartment
1829,Apartment
1830,Apartment
1831,Apartment
1832,Unknown
1833,House
1834,Townhome
1835,House
1836,Townhome
1837,Condo
1838,Condo
1839,House
1840,Townhome
1841,Unknown
1842,Condo
1843,Condo
1844,Townhome
1845,House
1846,House
1847,House
1848,Townhome
1849,Townhome
1850,Townhome
1851,Condo
1852,Townhome
1853,House
1854,House
1855,Unknown
1856,House
1857,Unknown
1858,Townhome
1859,House
1860,House
1861,House
1862,House
1863,Condo
1864,House
1865,Townhome
1866,Condo
1867,House
1868,Townhome
1869,Townhome
1870,House
1871,House
1872,Townhome
1873,House
1874,Unknown
1875,Townhome
1876,Apartment
1877,House
1878,Apartment
1879,Apartment
1880,House
1881,House
1882,House
1883,House
1884,House
1885,House
1886,House
1887,House
1888,House
1889,House
1890,House
1891,House
1892,Apartment
1893,House
1894,Condo
1895,Unknown
1896,Apartment
1897,Apartment
1898,Apartment
1899,Apartment
1900,Apartment
1901,Apartment
1902,Apartment
1903,Apartment
1904,Apartment
1905,Apartment
1906,House
1907,Townhome
1908,Townhome
1909,House
1910,Townhome
1911,House
1912,House
1913,House
1914,House
1915,House
1916,Townhome
1917,House
1918,House
1919,House
1920,Townhome
1921,Unknown
1922,House
1923,House
1924,Apartment
1925,Apartment
1926,Apartment
1927,Unknown
1928,Condo
1929,House
1930,Condo
1931,Townhome
1932,House
1933,Townhome
1934,House
1935,Townhome
1936,Condo
1937,Condo
1938,Townhome
1939,Townhome
1940,Townhome
1941,Condo
1942,Townhome
1943,House
1944,House
1945,House
1946,Townhome
1947,Townhome
1948,Condo
1949,House
1950,Townhome
1951,House
1952,House
1953,Townhome
1954,Townhome
1955,House
1956,House
1957,House
1958,House
1959,House
1960,Townhome
1961,House
1962,Apartment
1963,Apartment
1964,Apartment
1965,Apartment
1966,Townhome
1967,Townhome
1968,House
1969,House
1970,Townhome
1971,Townhome
1972,Townhome
1973,House
1974,House
1975,Condo
1976,Condo
1977,Condo
1978,Condo
1979,Townhome
1980,Condo
1981,Apartment
1982,Apartment
1983,Apartment
1984,Apartment
1985,Apartment
1986,Apartment
1987,Condo
1988,House
1989,House
1990,Unknown
1991,House
1992,Townhome
1993,House
1994,House
1995,Apartment
1996,Apartment
1997,Apartment
1998,Apartment
1999,Apartment
2000,Apartment
2001,Apartment
2002,Apartment
2003,House
2004,Unknown
2005,House
2006,Townhome
2007,House
2008,Townhome
2009,House
2010,House
2011,Unknown
2012,House
2013,House
2014,House
2015,House
2016,House
2017,Unknown
2018,House
2019,House
2020,Apartment
2021,Apartment
2022,Apartment
2023,Apartment
2024,Apartment
2025,Apartment
2026,Apartment
2027,Apartment
2028,Apartment
2029,Apartment
2030,Apartment
2031,Apartment
2032,Apartment
2033,Apartment
2034,Apartment
2035,Apartment
2036,Apartment
2037,Apartment
2038,Apartment
2039,Apartment
2040,Apartment
2041,Apartment
2042,Apartment
2043,Apartment
2044,Apartment
2045,House
2046,Townhome
2047,Townhome
2048,Townhome
2049,House
2050,Townhome
2051,Townhome
2052,House
2053,House
2054,Townhome
2055,Unknown
2056,Townhome
2057,House
2058,House
2059,Townhome
2060,Apartment
2061,Apartment
2062,House
2063,Apartment
2064,Apartment
2065,Apartment
2066,Apartment
2067,Apartment
2068,Apartment
2069,Apartment
2070,Apartment
2071,Apartment
2072,Apartment
2073,Apartment
2074,Apartment
2075,Apartment
2076,Apartment
2077,Apartment
2078,Apartment
2079,Apartment
2080,Apartment
2081,Apartment
2082,Apartment
2083,Apartment
2084,Apartment
2085,Apartment
2086,Apartment
2087,Apartment
2088,Apartment
2089,Apartment
2090,Apartment
2091,Townhome
2092,Townhome
2093,Apartment
2094,Townhome
2095,Townhome
2096,Townhome
2097,Condo
2098,Townhome
2099,Townhome
2100,Townhome
2101,Townhome
2102,Condo
2103,Townhome
2104,Unknown
2105,Townhome
2106,Townhome
2107,Townhome
2108,Townhome
2109,Townhome
2110,Townhome
2111,House
2112,Townhome
2113,Townhome
2114,Townhome
2115,Townhome
2116,House
2117,Condo
2118,Townhome
2119,Townhome
2120,Townhome
2121,Townhome
2122,House
2123,Condo
2124,Townhome
2125,House
2126,Townhome
2127,House
2128,Condo
2129,Townhome
2130,Townhome
2131,Townhome
2132,Townhome
2133,Condo
2134,Townhome
2135,Townhome
2136,Condo
2137,Townhome
2138,Condo
2139,Townhome
2140,Townhome
2141,House
2142,Apartment
2143,Apartment
2144,Apartment
2145,Apartment
2146,Townhome
2147,Condo
2148,Condo
2149,House
2150,Townhome
2151,Townhome
2152,Townhome
2153,Condo
2154,Townhome
2155,House
2156,Townhome
2157,Townhome
2158,House
2159,House
2160,Townhome
2161,Townhome
2162,Townhome
2163,House
2164,House
2165,House
2166,House
2167,House
2168,Townhome
2169,House
2170,House
2171,House
2172,House
2173,Townhome
2174,Townhome
2175,House
2176,Condo
2177,House
2178,House
2179,Townhome
2180,Townhome
2181,Townhome
2182,Townhome
2183,Condo
2184,Apartment
2185,Apartment
2186,Apartment
2187,House
2188,House
2189,House
2190,House
2191,Townhome
2192,Townhome
2193,Unknown
2194,Townhome
2195,Townhome
2196,Condo
2197,Townhome
2198,House
2199,House
2200,House
2201,Townhome
2202,Townhome
2203,Townhome
2204,House
2205,House
2206,Apartment
2207,Apartment
2208,Apartment
2209,House
2210,Apartment
2211,Apartment
2212,Apartment
2213,Apartment
2214,Apartment
2215,Condo
2216,Condo
2217,House
2218,Condo
2219,Condo
2220,Condo
2221,House
2222,Condo
2223,House
2224,Condo
2225,House
2226,House
2227,Condo
2228,House
2229,House
2230,Condo
2231,House
2232,Condo
2233,House
2234,Apartment
2235,Apartment
2236,Apartment
2237,Apartment
2238,Apartment
2239,Apartment
2240,Apartment
2241,Apartment
2242,Apartment
2243,Apartment
2244,Apartment
2245,Apartment
2246,Apartment
2247,Apartment
2248,Unknown
2249,Condo
2250,Condo
2251,Unknown
2252,House
2253,Condo
2254,Apartment
2255,Apartment
2256,Apartment
2257,Apartment
2258,Apartment
2259,Apartment
2260,Apartment
2261,Apartment
2262,Apartment
2263,Apartment
2264,Apartment
2265,Apartment
2266,Apartment
2267,Apartment
2268,Apartment
2269,Apartment
2270,Apartment
2271,Apartment
2272,Apartment
2273,Apartment
2274,Apartment
2275,Apartment
2276,Apartment
2277,Apartment
2278,Apartment
2279,Apartment
2280,Apartment
2281,Apartment
2282,Apartment
2283,Apartment
2284,Apartment
2285,Apartment
2286,Apartment
2287,Apartment
2288,Apartment
2289,Apartment
2290,Apartment
2291,Apartment
2292,Apartment
2293,Apartment
2294,Apartment
2295,Apartment
2296,Apartment
2297,Apartment
2298,Apartment
2299,Unknown
2300,House
2301,House
2302,House
2303,House
2304,House
2305,Townhome
2306,Townhome
2307,Apartment
2308,House
2309,Townhome
2310,House
2311,Condo
2312,Unknown
2313,Condo
2314,House
2315,House
2316,House
2317,House
2318,House
2319,House
2320,House
2321,Townhome
2322,House
2323,House
2324,Townhome
2325,House
2326,Apartment
2327,Apartment
2328,Apartment
2329,Apartment
2330,House
2331,Apartment
2332,Apartment
2333,Apartment
2334,Apartment
2335,Apartment
2336,Apartment
2337,Apartment
2338,Apartment
2339,House
2340,Condo
2341,House
2342,Condo
2343,Condo
2344,House
2345,Condo
2346,House
2347,Condo
2348,House
2349,Condo
2350,Condo
2351,House
2352,House
2353,Condo
2354,Condo
2355,House
2356,House
2357,House
2358,Unknown
2359,Condo
2360,Condo
2361,Apartment
2362,Apartment
2363,Apartment
2364,Apartment
2365,Apartment
2366,Apartment
2367,Apartment
2368,Apartment
2369,Apartment
2370,Apartment
2371,Apartment
2372,Apartment
2373,Apartment
2374,Apartment
2375,Apartment
2376,Apartment
2377,Apartment
2378,Apartment
2379,Apartment
2380,Apartment
2381,Apartment
2382,Apartment
2383,Apartment
2384,Apartment
2385,Apartment
2386,Apartment
2387,Apartment
2388,Apartment
2389,Apartment
2390,Apartment
2391,Apartment
2392,Apartment
2393,Apartment
2394,Apartment
2395,Apartment
2396,Apartment
2397,Apartment
2398,Apartment
2399,Apartment
2400,Apartment
2401,Apartment
2402,Apartment
2403,Apartment
2404,Apartment
2405,Apartment
2406,Apartment
2407,Apartment
2408,Apartment
2409,Apartment
2410,Apartment
2411,Apartment
2412,Apartment
2413,Apartment
2414,Apartment
2415,Apartment
2416,Apartment
2417,Apartment
2418,Apartment
2419,Apartment
2420,Apartment
2421,Apartment
2422,Apartment
2423,Apartment
2424,Apartment
2425,Apartment
2426,Apartment
2427,Apartment
2428,Apartment
2429,Apartment
2430,Condo
2431,Condo
2432,Townhome
2433,Townhome
2434,Townhome
2435,Apartment
2436,Apartment
2437,House
2438,Townhome
2439,Townhome
2440,Condo
2441,House
2442,Unknown
2443,Unknown
2444,Townhome
2445,House
2446,Unknown
2447,House
2448,Townhome
2449,Townhome
2450,House
2451,Condo
2452,Condo
2453,Condo
2454,Unknown
2455,Townhome
2456,Unknown
2457,House
2458,House
2459,Condo
2460,Townhome
2461,Condo
2462,Unknown
2463,House
2464,Townhome
2465,Townhome
2466,Unknown
2467,Townhome
2468,Condo
2469,Condo
2470,Condo
2471,House
2472,Townhome
2473,Townhome
2474,Townhome
2475,Townhome
2476,House
2477,Townhome
2478,House
2479,House
2480,Condo
2481,Condo
2482,Condo
2483,Townhome
2484,House
2485,Townhome
2486,Condo
2487,House
2488,Townhome
2489,Townhome
2490,House
2491,Condo
2492,House
2493,House
2494,House
2495,House
2496,House
2497,House
2498,Condo
2499,Condo
2500,House
2501,Condo
2502,House
2503,House
2504,Condo
2505,House
2506,House
2507,Condo
2508,House
2509,Unknown
2510,House
2511,Townhome
2512,House
2513,Unknown
2514,House
2515,Townhome
2516,Apartment
2517,House
2518,Townhome
2519,Apartment
2520,Apartment
2521,Apartment
2522,Apartment
2523,Apartment
2524,Apartment
2525,Apartment
2526,Apartment
2527,Apartment
2528,Apartment
2529,Apartment
2530,Apartment
2531,Apartment
2532,Apartment
2533,Apartment
2534,Apartment
2535,Apartment
2536,Apartment
2537,Apartment
2538,Apartment
2539,House
2540,Condo
2541,Townhome
2542,Condo
2543,Condo
2544,Condo
2545,House
2546,House
2547,Townhome
2548,Townhome
2549,House
2550,House
2551,Condo
2552,Condo
2553,Townhome
2554,Condo
2555,Condo
2556,House
2557,House
2558,House
2559,Condo
2560,Condo
2561,Condo
2562,House
2563,House
2564,House
2565,House
2566,House
2567,House
2568,House
2569,House
2570,House
2571,Apartment
2572,Apartment
2573,Apartment
2574,Apartment
2575,Unknown
2576,Townhome
2577,Townhome
2578,House
2579,Townhome
2580,House
2581,Townhome
2582,Townhome
2583,Townhome
2584,Townhome
2585,House
2586,House
2587,House
2588,House
2589,Townhome
2590,Townhome
2591,Townhome
2592,House
2593,Townhome
2594,Townhome
2595,House
2596,House
2597,House
2598,Condo
2599,Townhome
2600,Townhome
2601,Townhome
2602,House
2603,House
2604,House
2605,House
2606,House
2607,House
2608,House
2609,House
2610,Condo
2611,Townhome
2612,House
2613,Apartment
2614,Apartment
2615,Apartment
2616,Condo
2617,Condo
2618,House
2619,Townhome
2620,Townhome
2621,Condo
2622,House
2623,House
2624,House
2625,Apartment
2626,Apartment
2627,Apartment
2628,Townhome
2629,House
2630,Townhome
2631,House
2632,Apartment
2633,House
2634,House
2635,Unknown
2636,House
2637,House
2638,Townhome
2639,Townhome
2640,Apartment
2641,Apartment
2642,Apartment
2643,Apartment
2644,Apartment
2645,Apartment
2646,Apartment
2647,Apartment
2648,Apartment
2649,House
2650,House
2651,House
2652,House
2653,Townhome
2654,Condo
2655,House
2656,House
2657,Condo
2658,Unknown
2659,House
2660,House
2661,Townhome
2662,Unknown
2663,Unknown
2664,Unknown
2665,Townhome
2666,Apartment
2667,Apartment
2668,Apartment
2669,Apartment
2670,Apartment
2671,Apartment
2672,Apartment
2673,Apartment
2674,Apartment
2675,Apartment
2676,Apartment
2677,Apartment
2678,Apartment
2679,Townhome
2680,Apartment
2681,Townhome
2682,Condo
2683,House
2684,House
2685,Condo
2686,Townhome
2687,Townhome
2688,House
2689,House
2690,Townhome
2691,House
2692,House
2693,House
2694,Townhome
2695,House
2696,Townhome
2697,Townhome
2698,House
2699,House
2700,Townhome
2701,House
2702,House
2703,House
2704,Apartment
2705,Apartment
2706,Apartment
2707,Apartment
2708,Apartment
2709,Apartment
2710,House
2711,House
2712,House
2713,House
2714,House
2715,Apartment
2716,House
2717,House
2718,Townhome
2719,Townhome
2720,House
2721,House
2722,House
2723,Apartment
2724,House
2725,Townhome
2726,House
2727,Condo
2728,Townhome
2729,House
2730,House
2731,Townhome
2732,House
2733,Apartment
2734,Apartment
2735,Apartment
2736,Apartment
2737,Apartment
2738,Apartment
2739,Apartment
2740,Apartment
2741,Apartment
2742,Apartment
2743,Apartment
2744,Townhome
2745,House
2746,Condo
2747,House
2748,Townhome
2749,House
2750,Condo
2751,Townhome
2752,Townhome
2753,Condo
2754,Townhome
2755,Townhome
2756,House
2757,Condo
2758,Townhome
2759,Condo
2760,House
2761,House
2762,Condo
2763,Townhome
2764,Apartment
2765,Apartment
2766,Apartment
2767,Apartment
2768,Apartment
2769,Apartment
2770,Apartment
2771,Apartment
2772,Apartment
2773,Apartment
2774,Apartment
2775,Apartment
2776,Apartment
2777,Apartment
2778,Apartment
2779,Apartment
2780,Apartment
2781,Apartment
2782,Condo
2783,House
2784,Townhome
2785,Townhome
2786,Townhome
2787,Townhome
2788,Unknown
2789,House
2790,Unknown
2791,Townhome
2792,Condo
2793,Condo
2794,Unknown
2795,Condo
2796,Townhome
2797,House
2798,House
2799,Townhome
2800,Townhome
2801,Townhome
2802,Condo
2803,Unknown
2804,Townhome
2805,Townhome
2806,House
2807,Condo
2808,Townhome
2809,Townhome
2810,House
2811,Townhome
2812,Townhome
2813,Condo
2814,House
2815,Condo
2816,Condo
2817,Townhome
2818,House
2819,House
2820,House
2821,House
2822,Condo
2823,House
2824,Unknown
2825,Unknown
2826,Condo
2827,House
2828,Apartment
2829,Apartment
2830,Apartment
2831,Apartment
2832,Apartment
2833,Apartment
2834,Apartment
2835,Apartment
2836,Apartment
2837,Apartment
2838,Apartment
2839,Apartment
2840,Apartment
2841,Apartment
2842,Apartment
2843,House
2844,House
2845,Townhome
2846,House
2847,House
2848,House
2849,Townhome
2850,House
2851,House
2852,House
2853,House
2854,House
2855,House
2856,House
2857,Apartment
2858,Apartment
2859,Apartment
2860,Apartment
2861,Apartment
2862,Apartment
2863,Apartment
2864,Apartment
2865,Apartment
2866,Apartment
2867,Apartment
2868,Apartment
2869,Apartment
2870,Apartment
2871,Apartment
2872,Apartment
2873,Apartment
2874,Apartment
2875,Apartment
2876,Apartment
2877,Apartment
2878,Apartment
2879,Apartment
2880,Apartment
2881,Apartment
2882,Apartment
2883,Apartment
2884,Apartment
2885,Apartment
2886,Apartment
2887,Apartment
2888,Apartment
2889,Apartment
2890,Apartment
2891,Apartment
2892,Apartment
2893,Apartment
2894,Apartment
2895,Apartment
2896,Apartment
2897,Apartment
2898,Condo
2899,Condo
2900,Condo
2901,Condo
2902,Condo
2903,Townhome
2904,Townhome
2905,Apartment
2906,Apartment
2907,Apartment
2908,Condo
2909,Townhome
2910,Townhome
2911,House
2912,House
2913,Townhome
2914,House
2915,Condo
2916,Condo
2917,Condo
2918,Townhome
2919,Townhome
2920,Condo
2921,Townhome
2922,Townhome
2923,House
2924,Condo
2925,House
2926,Condo
2927,House
2928,Townhome
2929,Townhome
2930,Townhome
2931,Condo
2932,House
2933,Townhome
2934,Condo
2935,House
2936,House
2937,Condo
2938,Unknown
2939,Condo
2940,Townhome
2941,Townhome
2942,Townhome
2943,House
2944,Townhome
2945,Condo
2946,Condo
2947,Condo
2948,Townhome
2949,House
2950,Townhome
2951,Condo
2952,Townhome
2953,Condo
2954,Condo
2955,Condo
2956,House
2957,House
2958,Townhome
2959,Townhome
2960,Condo
2961,Townhome
2962,Unknown
2963,Townhome
2964,Townhome
2965,House
2966,House
2967,House
2968,House
2969,House
2970,Condo
2971,Townhome
2972,House
2973,House
2974,House
2975,House
2976,Townhome
2977,House
2978,House
2979,Townhome
2980,House
2981,House
2982,Townhome
2983,Condo
2984,House
2985,House
2986,House
2987,House
2988,Condo
2989,House
2990,Condo
2991,Townhome
2992,Townhome
2993,Townhome
2994,House
2995,Townhome
2996,House
2997,Townhome
2998,House
2999,Unknown
3000,Townhome
3001,House
3002,Townhome
3003,House
3004,Townhome
3005,Townhome
3006,Condo
3007,Townhome
3008,House
3009,Townhome
3010,Townhome
3011,Condo
3012,House
3013,House
3014,House
3015,House
3016,House
3017,House
3018,House
3019,Townhome
3020,Condo
3021,Apartment
3022,Townhome
3023,Townhome
3024,Townhome
3025,Condo
3026,House
3027,Apartment
3028,Apartment
3029,Apartment
3030,Apartment
3031,Apartment
3032,Apartment
3033,Apartment
3034,Apartment
3035,Apartment
3036,Apartment
3037,Apartment
3038,Apartment
3039,Apartment
3040,Apartment
3041,Apartment
3042,Apartment
3043,Apartment
3044,Apartment
3045,Apartment
3046,Apartment
3047,Apartment
3048,Apartment
3049,Apartment
3050,Apartment
3051,Apartment
3052,Apartment
3053,Apartment
3054,Apartment
3055,Apartment
3056,Apartment
3057,Apartment
3058,Apartment
3059,Apartment
3060,Apartment
3061,Apartment
3062,Apartment
3063,Apartment
3064,Apartment
3065,Apartment
3066,Apartment
3067,Apartment
3068,Apartment
3069,Apartment
3070,Apartment
3071,Apartment
3072,Apartment
3073,Unknown
3074,Condo
3075,Condo
3076,Townhome
3077,Apartment
3078,Apartment
3079,Apartment
3080,Condo
3081,Townhome
3082,Condo
3083,Condo
3084,Condo
3085,Condo
3086,House
3087,Unknown
3088,House
3089,Condo
3090,Condo
3091,House
3092,House
3093,Townhome
3094,Townhome
3095,Condo
3096,House
3097,House
3098,Condo
3099,House
3100,House
3101,Condo
3102,Condo
3103,House
3104,Condo
3105,Condo
3106,Condo
3107,House
3108,House
3109,Condo
3110,Condo
3111,Condo
3112,Condo
3113,Condo
3114,House
3115,Unknown
3116,Townhome
3117,Condo
3118,Unknown
3119,Condo
3120,House
3121,Townhome
3122,Condo
3123,Condo
3124,Townhome
3125,House
3126,Townhome
3127,Condo
3128,House
3129,House
3130,Condo
3131,Townhome
3132,Townhome
3133,House
3134,House
3135,House
3136,Condo
3137,Townhome
3138,House
3139,Townhome
3140,Condo
3141,Townhome
3142,House
3143,Condo
3144,House
3145,Condo
3146,Condo
3147,Townhome
3148,Townhome
3149,Townhome
3150,Condo
3151,Unknown
3152,Condo
3153,Condo
3154,Condo
3155,House
3156,House
3157,House
3158,House
3159,House
3160,Condo
3161,Townhome
3162,House
3163,House
3164,House
3165,Townhome
3166,Apartment
3167,Apartment
3168,Apartment
3169,Apartment
3170,Apartment
3171,Apartment
3172,Apartment
3173,Apartment
3174,Apartment
3175,Apartment
3176,Apartment
3177,Apartment
3178,Apartment
3179,Apartment
3180,Apartment
3181,Apartment
3182,Apartment
3183,Apartment
3184,Apartment
3185,Apartment
3186,Apartment
3187,Apartment
3188,Apartment
3189,Apartment
3190,Apartment
3191,Apartment
3192,Apartment
3193,Apartment
3194,Apartment
3195,Apartment
3196,Apartment
3197,Apartment
3198,Apartment
3199,Apartment
3200,Apartment
3201,Apartment
3202,Apartment
3203,Apartment
3204,Apartment
3205,Apartment
3206,Apartment
3207,Apartment
3208,Apartment
3209,Apartment
3210,Apartment
3211,Apartment
3212,Apartment
3213,Apartment
3214,Apartment
3215,Apartment
3216,Apartment
3217,Apartment
3218,Apartment
3219,Apartment
3220,Apartment
3221,Apartment
3222,Apartment
3223,Apartment
3224,House
3225,House
3226,House
3227,Apartment
3228,Apartment
3229,Apartment
3230,Apartment
3231,Apartment
3232,Apartment
3233,Condo
3234,Apartment
3235,Apartment
3236,Apartment
3237,Apartment
3238,Apartment
3239,Apartment
3240,Apartment
3241,Apartment
3242,Apartment
3243,Apartment
3244,Apartment
3245,House
3246,Apartment
3247,Unknown
3248,House
3249,Townhome
3250,House
3251,House
3252,House
3253,House
3254,House
3255,House
3256,House
3257,Condo
3258,House
3259,House
3260,House
3261,House
3262,House
3263,Apartment
3264,Apartment
3265,Apartment
3266,House
3267,Apartment
3268,House
3269,House
3270,House
3271,House
3272,Apartment
3273,Apartment
3274,Apartment
3275,Apartment
3276,Apartment
3277,Apartment
3278,Apartment
3279,Apartment
3280,Apartment
3281,Apartment
3282,Apartment
3283,Apartment
3284,Apartment
3285,Apartment
3286,Apartment
3287,Apartment
3288,Apartment
3289,Apartment
3290,Apartment
3291,Apartment
3292,Apartment
3293,Apartment
3294,Apartment
3295,Apartment
3296,Apartment
3297,Apartment
3298,Apartment
3299,Apartment
3300,Apartment
3301,Apartment
3302,Apartment
3303,Unknown
3304,Townhome
3305,Condo
3306,Townhome
3307,Condo
3308,Townhome
3309,Townhome
3310,Condo
3311,Townhome
3312,Condo
3313,Townhome
3314,Apartment
3315,Apartment
3316,Apartment
3317,Apartment
3318,Apartment
3319,Condo
3320,Condo
3321,Townhome
3322,House
3323,Townhome
3324,Townhome
3325,Condo
3326,Townhome
3327,Townhome
3328,House
3329,Townhome
3330,Condo
3331,Townhome
3332,Condo
3333,Townhome
3334,Condo
3335,Townhome
3336,Townhome
3337,Condo
3338,Townhome
3339,Townhome
3340,Townhome
3341,Townhome
3342,Townhome
3343,Condo
3344,Condo
3345,Townhome
3346,Condo
3347,House
3348,Townhome
3349,Condo
3350,Townhome
3351,Condo
3352,Unknown
3353,Unknown
3354,Townhome
3355,House
3356,Townhome
3357,Townhome
3358,House
3359,House
3360,Condo
3361,House
3362,Condo
3363,House
3364,Townhome
3365,Townhome
3366,House
3367,Townhome
3368,Townhome
3369,Townhome
3370,Townhome
3371,Townhome
3372,Townhome
3373,Townhome
3374,Condo
3375,Condo
3376,Townhome
3377,Condo
3378,House
3379,Condo
3380,Townhome
3381,Unknown
3382,Townhome
3383,Condo
3384,Unknown
3385,Condo
3386,Condo
3387,Condo
3388,Condo
3389,Townhome
3390,House
3391,Townhome
3392,House
3393,House
3394,Townhome
3395,House
3396,House
3397,House
3398,House
3399,Condo
3400,House
3401,House
3402,House
3403,House
3404,House
3405,Condo
3406,Unknown
3407,Unknown
3408,House
3409,Condo
3410,Townhome
3411,Condo
3412,House
3413,House
3414,House
3415,House
3416,Apartment
3417,Apartment
3418,Apartment
3419,Apartment
3420,Apartment
3421,Apartment
3422,Apartment
3423,Apartment
3424,Apartment
3425,Apartment
3426,Apartment
3427,Apartment
3428,Apartment
3429,Apartment
3430,Apartment
3431,Apartment
3432,Apartment
3433,Apartment
3434,Apartment
3435,Apartment
3436,Apartment
3437,Apartment
3438,Apartment
3439,Apartment
3440,Apartment
3441,Apartment
3442,Apartment
3443,Apartment
3444,Apartment
3445,Apartment
3446,Apartment
3447,Apartment
3448,Apartment
3449,Apartment
3450,Apartment
3451,Apartment
3452,Apartment
3453,Apartment
3454,Apartment
3455,Apartment
3456,Apartment
3457,House
3458,House
3459,Apartment
3460,Apartment
3461,Apartment
3462,Apartment
3463,Apartment
3464,Apartment
3465,Apartment
3466,Apartment
3467,Apartment
3468,Apartment
3469,Apartment
3470,Apartment
3471,Apartment
3472,Apartment
3473,Apartment
3474,Apartment
3475,Condo
3476,Condo
3477,Townhome
3478,Condo
3479,Townhome
3480,Apartment
3481,Townhome
3482,Condo
3483,Condo
3484,Townhome
3485,Condo
3486,Townhome
3487,Condo
3488,Condo
3489,Townhome
3490,Townhome
3491,Townhome
3492,Townhome
3493,Condo
3494,Townhome
3495,House
3496,Townhome
3497,Townhome
3498,Townhome
3499,Unknown
3500,Condo
3501,Townhome
3502,Townhome
3503,Townhome
3504,Condo
3505,Townhome
3506,Townhome
3507,Condo
3508,Townhome
3509,Condo
3510,Condo
3511,Townhome
3512,Condo
3513,Condo
3514,Townhome
3515,Townhome
3516,Condo
3517,Condo
3518,Townhome
3519,Townhome
3520,Townhome
3521,Townhome
3522,Townhome
3523,Condo
3524,Townhome
3525,Townhome
3526,Condo
3527,Condo
3528,Townhome
3529,Townhome
3530,Condo
3531,Condo
3532,Condo
3533,Townhome
3534,House
3535,Condo
3536,Condo
3537,House
3538,House
3539,House
3540,Condo
3541,House
3542,House
3543,House
3544,House
3545,Condo
3546,House
3547,House
3548,House
3549,House
3550,Townhome
3551,Townhome
3552,Townhome
3553,Townhome
3554,Unknown
3555,Townhome
3556,Townhome
3557,Apartment
3558,Apartment
3559,House
3560,House
3561,Apartment
3562,Apartment
3563,Apartment
3564,Apartment
3565,Apartment
3566,Apartment
3567,Apartment
3568,Apartment
3569,Apartment
3570,Apartment
3571,Apartment
3572,Apartment
3573,Apartment
3574,Apartment
3575,Apartment
3576,Apartment
3577,Apartment
3578,Apartment
3579,Apartment
3580,Apartment
3581,Apartment
3582,Apartment
3583,Apartment
3584,Apartment
3585,Apartment
3586,Apartment
3587,Apartment
3588,Apartment
3589,Apartment
3590,Apartment
3591,Apartment
3592,Unknown
3593,Townhome
3594,Apartment
3595,Apartment
3596,House
3597,Unknown
3598,House
3599,House
3600,Townhome
3601,House
3602,Condo
3603,Condo
3604,Condo
3605,House
3606,Townhome
3607,Townhome
3608,House
3609,Condo
3610,House
3611,House
3612,Townhome
3613,Condo
3614,House
3615,House
3616,Townhome
3617,Townhome
3618,House
3619,House
3620,Townhome
3621,Condo
3622,Condo
3623,House
3624,House
3625,House
3626,Townhome
3627,Condo
3628,Townhome
3629,House
3630,House
3631,House
3632,House
3633,House
3634,House
3635,Townhome
3636,Townhome
3637,Townhome
3638,House
3639,Townhome
3640,House
3641,House
3642,Apartment
3643,Apartment
3644,Apartment
3645,Apartment
3646,Apartment
3647,Apartment
3648,Apartment
3649,Apartment
3650,Apartment
3651,Apartment
3652,Apartment
3653,Apartment
3654,Apartment
3655,Apartment
3656,Apartment
3657,Apartment
3658,House
3659,Apartment
3660,Apartment
3661,Apartment
3662,Apartment
3663,House
3664,House
3665,House
3666,House
3667,House
3668,House
3669,House
3670,House
3671,House
3672,House
3673,House
3674,House
3675,House
3676,House
3677,House
3678,House
3679,Apartment
3680,Apartment
3681,Apartment
3682,Apartment
3683,Apartment
3684,Apartment
3685,Apartment
3686,Condo
3687,Townhome
3688,Unknown
3689,Condo
3690,Condo
3691,Townhome
3692,Condo
3693,Condo
3694,Townhome
3695,Condo
3696,Condo
3697,Townhome
3698,Townhome
3699,Condo
3700,House
3701,Apartment
3702,Apartment
3703,Apartment
3704,Apartment
3705,Apartment
3706,Apartment
3707,Apartment
3708,Apartment
3709,Apartment
3710,Apartment
3711,Apartment
3712,Apartment
3713,Condo
3714,Townhome
3715,Townhome
3716,Townhome
3717,House
3718,Townhome
3719,Unknown
3720,Townhome
3721,House
3722,Apartment
3723,Apartment
3724,Apartment
3725,Apartment
3726,Apartment
3727,Apartment
3728,Apartment
3729,Apartment
3730,Apartment
3731,Apartment
3732,Apartment
3733,Apartment
3734,Apartment
3735,Apartment
3736,Apartment
3737,Apartment
3738,Apartment
3739,Apartment
3740,Condo
3741,Condo
3742,Townhome
3743,Townhome
3744,Condo
3745,Townhome
3746,Condo
3747,House
3748,Townhome
3749,Unknown
3750,Townhome
3751,House
3752,Condo
3753,Townhome
3754,House
3755,Townhome
3756,Townhome
3757,House
3758,Condo
3759,Condo
3760,House
3761,House
3762,House
3763,House
3764,House
3765,Condo
3766,Apartment
3767,Apartment
3768,Apartment
3769,Apartment
3770,Apartment
3771,Apartment
3772,Apartment
3773,Apartment
3774,Apartment
3775,Apartment
3776,Apartment
3777,Apartment
3778,Apartment
3779,Apartment
3780,Apartment
3781,Apartment
3782,Apartment
3783,Apartment
3784,Apartment
3785,Apartment
3786,Apartment
3787,Apartment
3788,Apartment
3789,Apartment
3790,Apartment
3791,House
3792,Condo
3793,Unknown
3794,Townhome
3795,Condo
3796,Apartment
3797,Condo
3798,Condo
3799,Townhome
3800,House
3801,Condo
3802,Condo
3803,Townhome
3804,Townhome
3805,House
3806,House
3807,House
3808,Condo
3809,Townhome
3810,Townhome
3811,Townhome
3812,Condo
3813,Townhome
3814,House
3815,Townhome
3816,House
3817,House
3818,House
3819,Townhome
3820,Townhome
3821,House
3822,Condo
3823,House
3824,House
3825,House
3826,Condo
3827,Townhome
3828,Townhome
3829,Townhome
3830,Townhome
3831,House
3832,House
3833,Condo
3834,Townhome
3835,House
3836,Townhome
3837,Unknown
3838,Townhome
3839,House
3840,House
3841,House
3842,House
3843,Townhome
3844,Condo
3845,House
3846,House
3847,House
3848,Condo
3849,House
3850,House
3851,House
3852,Townhome
3853,Townhome
3854,Townhome
3855,Townhome
3856,Condo
3857,Townhome
3858,Condo
3859,House
3860,House
3861,House
3862,House
3863,House
3864,Townhome
3865,Unknown
3866,Townhome
3867,Townhome
3868,House
3869,House
3870,House
3871,Condo
3872,Condo
3873,House
3874,Townhome
3875,Townhome
3876,House
3877,House
3878,House
3879,Townhome
3880,Townhome
3881,Condo
3882,House
3883,House
3884,Apartment
3885,Apartment
3886,Apartment
3887,Apartment
3888,Apartment
3889,Apartment
3890,Apartment
3891,Apartment
3892,House
3893,House
3894,House
3895,Apartment
3896,Apartment
3897,Apartment
3898,Apartment
3899,Apartment
3900,Apartment
3901,Condo
3902,House
3903,Condo
3904,Condo
3905,House
3906,Apartment
3907,Apartment
3908,Apartment
3909,Apartment
3910,House
3911,House
3912,House
3913,House
3914,Unknown
3915,House
3916,House
3917,House
3918,House
3919,Apartment
3920,Apartment
3921,Apartment
3922,Apartment
3923,Apartment
3924,Apartment
3925,Apartment
3926,Apartment
3927,Apartment
3928,Apartment
3929,Apartment
3930,Apartment
3931,Apartment
3932,Apartment
3933,Apartment
3934,Apartment
3935,Apartment
3936,Apartment
3937,Apartment
3938,Townhome
3939,House
3940,Townhome
3941,House
3942,House
3943,House
3944,Condo
3945,House
3946,House
3947,House
3948,House
3949,House
3950,Condo
3951,House
3952,House
3953,Apartment
3954,Apartment
3955,Apartment
3956,Apartment
3957,Apartment
3958,Apartment
3959,Apartment
3960,Apartment
3961,Apartment
3962,Apartment
3963,Apartment
3964,Apartment
3965,Apartment
3966,Apartment
3967,Apartment
3968,Apartment
3969,Apartment
3970,Apartment
3971,Apartment
3972,Apartment
3973,Apartment
3974,Apartment
3975,Apartment
3976,Apartment
3977,Apartment
3978,Apartment
3979,Apartment
3980,Apartment
3981,Apartment
3982,Apartment
3983,Apartment
3984,Apartment
3985,Apartment
3986,Apartment
3987,Apartment
3988,Apartment
3989,Apartment
3990,Apartment
3991,Apartment
3992,House
3993,Condo
3994,House
3995,House
3996,House
3997,House
3998,Apartment
3999,Apartment
4000,Apartment
4001,Apartment
4002,Apartment
4003,Apartment
4004,Apartment
4005,Apartment
4006,Apartment
4007,Apartment
4008,Apartment
4009,Townhome
4010,House
4011,House
4012,Unknown
4013,Apartment
4014,Apartment
4015,Apartment
4016,Townhome
4017,House
4018,Unknown
4019,House
4020,House
4021,House
4022,Townhome
4023,House
4024,Condo
4025,House
4026,House
4027,House
4028,Condo
4029,House
4030,House
4031,House
4032,Condo
4033,Apartment
4034,Apartment
4035,Apartment
4036,Apartment
4037,Apartment
4038,Apartment
4039,Apartment
4040,Apartment
4041,Apartment
4042,Apartment
4043,Condo
4044,Townhome
4045,House
4046,Condo
4047,House
4048,Townhome
4049,House
4050,House
4051,Condo
4052,Townhome
4053,House
4054,House
4055,House
4056,House
4057,House
4058,House
4059,House
4060,House
4061,Townhome
4062,House
4063,Townhome
4064,Condo
4065,Condo
4066,Condo
4067,House
4068,Townhome
4069,Apartment
4070,Apartment
4071,Apartment
4072,Apartment
4073,Apartment
4074,Apartment
4075,Apartment
4076,Apartment
4077,Apartment
4078,Apartment
4079,Apartment
4080,Apartment
4081,Apartment
4082,Apartment
4083,Apartment
4084,Apartment
4085,Apartment
4086,Apartment
4087,Apartment
4088,Apartment
4089,Townhome
4090,Townhome
4091,Townhome
4092,Townhome
4093,Townhome
4094,House
4095,Townhome
4096,Condo
4097,Condo
4098,Townhome
4099,Condo
4100,Townhome
4101,House
4102,House
4103,Townhome
4104,Townhome
4105,Townhome
4106,House
4107,Townhome
4108,Condo
4109,Townhome
4110,Townhome
4111,Townhome
4112,Townhome
4113,House
4114,House
4115,Townhome
4116,Townhome
4117,Townhome
4118,Townhome
4119,Townhome
4120,Townhome
4121,Condo
4122,House
4123,House
4124,House
4125,Townhome
4126,Townhome
4127,House
4128,House
4129,Townhome
4130,House
4131,House
4132,Townhome
4133,Townhome
4134,Apartment
4135,Apartment
4136,Apartment
4137,House
4138,Apartment
4139,Apartment
4140,Apartment
4141,Apartment
4142,Apartment
4143,Apartment
4144,Apartment
4145,Unknown
4146,Unknown
4147,Condo
4148,House
4149,House
4150,Townhome
4151,Unknown
4152,Townhome
4153,Condo
4154,Apartment
4155,Apartment
4156,Apartment
4157,Apartment
4158,Apartment
4159,Apartment
4160,Apartment
4161,Apartment
4162,Apartment
4163,House
4164,Apartment
4165,Apartment
4166,Apartment
4167,Apartment
4168,Apartment
4169,Apartment
4170,Apartment
4171,Apartment
4172,Apartment
4173,Apartment
4174,Apartment
4175,House
4176,Unknown
4177,House
4178,House
4179,Condo
4180,Condo
4181,House
4182,Apartment
4183,Apartment
4184,Apartment
4185,Apartment
4186,Apartment
4187,Apartment
4188,Apartment
4189,Apartment
4190,Apartment
4191,Apartment
4192,Apartment
4193,Apartment
4194,Condo
4195,Condo
4196,Condo
4197,Condo
4198,Apartment
4199,Apartment
4200,Apartment
4201,Apartment
4202,Apartment
4203,Apartment
4204,Apartment
4205,Apartment
4206,Apartment
4207,Apartment
4208,Apartment
4209,Apartment
4210,Apartment
4211,Apartment
4212,Apartment
4213,Apartment
4214,Apartment
4215,Apartment
4216,Apartment
4217,Apartment
4218,Apartment
4219,Apartment
4220,Apartment
4221,Apartment
4222,Apartment
4223,Apartment
4224,Apartment
4225,Apartment
4226,Apartment
4227,Apartment
4228,Apartment
4229,Apartment
4230,Apartment
4231,Apartment
4232,Apartment
4233,Apartment
4234,Apartment
4235,Apartment
4236,Apartment
4237,Apartment
4238,Apartment
4239,Apartment
4240,Apartment
4241,Apartment
4242,Apartment
4243,Unknown
4244,Condo
4245,Condo
4246,House
4247,Apartment
4248,Apartment
4249,House
4250,House
4251,Townhome
4252,Condo
4253,House
4254,Unknown
4255,Condo
4256,Condo
4257,Unknown
4258,Condo
4259,Townhome
4260,Townhome
4261,Townhome
4262,House
4263,Condo
4264,Townhome
4265,Condo
4266,Townhome
4267,Townhome
4268,Unknown
4269,Townhome
4270,House
4271,Unknown
4272,Unknown
4273,Townhome
4274,Townhome
4275,Townhome
4276,Townhome
4277,House
4278,House
4279,Unknown
4280,Condo
4281,Townhome
4282,Townhome
4283,Townhome
4284,House
4285,Condo
4286,Townhome
4287,Condo
4288,Townhome
4289,Townhome
4290,Townhome
4291,Condo
4292,House
4293,Townhome
4294,Townhome
4295,Townhome
4296,Unknown
4297,Townhome
4298,Condo
4299,Townhome
4300,Townhome
4301,House
4302,Townhome
4303,Townhome
4304,Condo
4305,Condo
4306,House
4307,Condo
4308,House
4309,House
4310,House
4311,House
4312,House
4313,House
4314,Townhome
4315,Condo
4316,House
4317,House
4318,Condo
4319,Townhome
4320,House
4321,House
4322,Townhome
4323,Townhome
4324,House
4325,House
4326,Unknown
4327,Unknown
4328,Unknown
4329,Townhome
4330,Townhome
4331,House
4332,Unknown
4333,House
4334,House
4335,House
4336,Apartment
4337,Apartment
4338,Apartment
4339,Apartment
4340,Apartment
4341,Apartment
4342,Apartment
4343,Apartment
4344,Apartment
4345,Apartment
4346,Apartment
4347,Apartment
4348,Apartment
4349,Apartment
4350,Apartment
4351,Apartment
4352,Apartment
4353,Apartment
4354,Apartment
4355,Apartment
4356,Apartment
4357,Apartment
4358,Apartment
4359,Apartment
4360,Apartment
4361,Apartment
4362,Apartment
4363,Apartment
4364,Unknown
4365,House
4366,House
4367,House
4368,Apartment
4369,Apartment
4370,Apartment
4371,Apartment
4372,Apartment
4373,Apartment
4374,Apartment
4375,Apartment
4376,Condo
4377,Condo
4378,Townhome
4379,Unknown
4380,House
4381,Townhome
4382,House
4383,House
4384,Condo
4385,House
4386,Unknown
4387,Townhome
4388,House
4389,Townhome
4390,Condo
4391,Townhome
4392,House
4393,House
4394,Townhome
4395,Townhome
4396,Townhome
4397,Condo
4398,Townhome
4399,Townhome
4400,Condo
4401,Townhome
4402,Townhome
4403,Townhome
4404,Condo
4405,Condo
4406,Condo
4407,Townhome
4408,Condo
4409,House
4410,Townhome
4411,Condo
4412,Condo
4413,Unknown
4414,House
4415,House
4416,Apartment
4417,Apartment
4418,Apartment
4419,Apartment
4420,Apartment
4421,Apartment
4422,Apartment
4423,Apartment
4424,Townhome
4425,Condo
4426,Condo
4427,Townhome
4428,House
4429,Townhome
4430,Apartment
4431,Apartment
4432,Apartment
4433,Apartment
4434,Apartment
4435,Apartment
4436,Apartment
4437,Apartment
4438,Apartment
4439,Apartment
4440,Apartment
4441,Apartment
4442,Apartment
4443,Apartment
4444,Apartment
4445,Apartment
4446,Apartment
4447,Apartment
4448,Apartment
4449,Apartment
4450,Apartment
4451,Apartment
4452,Apartment
4453,Apartment
4454,Apartment
4455,Unknown
4456,Townhome
4457,Townhome
4458,Condo
4459,House
4460,Townhome
4461,House
4462,House
4463,House
4464,House
4465,House
4466,Townhome
4467,Townhome
4468,Townhome
4469,Townhome
4470,Townhome
4471,House
4472,Townhome
4473,Condo
4474,Condo
4475,Condo
4476,Condo
4477,Townhome
4478,Condo
4479,House
4480,Townhome
4481,House
4482,House
4483,Townhome
4484,House
4485,Townhome
4486,House
4487,Townhome
4488,Condo
4489,House
4490,Townhome
4491,Unknown
4492,Townhome
4493,House
4494,House
4495,House
4496,Townhome
4497,Townhome
4498,Townhome
4499,Apartment
4500,Apartment
4501,Apartment
4502,Apartment
4503,Apartment
4504,Apartment
4505,Apartment
4506,Apartment
4507,Apartment
4508,Apartment
4509,Apartment
4510,Apartment
4511,Apartment
4512,Apartment
4513,Apartment
4514,Apartment
4515,Apartment
4516,Apartment
4517,Apartment
4518,Apartment
4519,Apartment
4520,Apartment
4521,Apartment
4522,Apartment
4523,Apartment
4524,Apartment
4525,Apartment
4526,Apartment
4527,House
4528,Apartment
4529,Apartment
4530,Apartment
4531,Apartment
4532,Apartment
4533,Apartment
4534,Apartment
4535,Apartment
4536,Apartment
4537,Apartment
4538,Apartment
4539,Apartment
4540,Condo
4541,Condo
4542,Townhome
4543,Condo
4544,Townhome
4545,House
4546,Condo
4547,Condo
4548,Condo
4549,Condo
4550,House
4551,House
4552,Condo
4553,House
4554,House
4555,House
4556,House
4557,House
4558,Condo
4559,House
4560,Condo
4561,Condo
4562,Condo
4563,House
4564,House
4565,House
4566,House
4567,House
4568,Condo
4569,Condo
4570,Condo
4571,Unknown
4572,House
4573,Condo
4574,Condo
4575,House
4576,Townhome
4577,House
4578,House
4579,House
4580,Townhome
4581,House
4582,House
4583,House
4584,House
4585,Condo
4586,Condo
4587,House
4588,House
4589,Condo
4590,Townhome
4591,House
4592,House
4593,House
4594,House
4595,House
4596,House
4597,Condo
4598,Townhome
4599,House
4600,Townhome
4601,House
4602,House
4603,House
4604,Unknown
4605,Condo
4606,Condo
4607,Condo
4608,House
4609,House
4610,Townhome
4611,House
4612,House
4613,Townhome
4614,House
4615,House
4616,House
4617,Townhome
4618,Condo
4619,House
4620,House
4621,Townhome
4622,House
4623,House
4624,House
4625,Condo
4626,Unknown
4627,House
4628,House
4629,House
4630,Townhome
4631,House
4632,Townhome
4633,Condo
4634,House
4635,House
4636,House
4637,House
4638,Townhome
4639,House
4640,House
4641,House
4642,House
4643,House
4644,House
4645,Condo
4646,House
4647,House
4648,House
4649,House
4650,House
4651,House
4652,House
4653,House
4654,Apartment
4655,Apartment
4656,Apartment
4657,Apartment
4658,Apartment
4659,Apartment
4660,Apartment
4661,Apartment
4662,Apartment
4663,Apartment
4664,Apartment
4665,Apartment
4666,Apartment
4667,Apartment
4668,Apartment
4669,Apartment
4670,Apartment
4671,Apartment
4672,Apartment
4673,Apartment
4674,Apartment
4675,Condo
4676,Townhome
4677,Townhome
4678,Condo
4679,Townhome
4680,Condo
4681,Townhome
4682,Unknown
4683,Condo
4684,Townhome
4685,Unknown
4686,Apartment
4687,Apartment
4688,Apartment
4689,Apartment
4690,Apartment
4691,Apartment
4692,Unknown
4693,Unknown
4694,Condo
4695,House
4696,Unknown
4697,Unknown
4698,House
4699,Unknown
4700,Condo
4701,House
4702,House
4703,House
4704,Townhome
4705,Townhome
4706,House
4707,House
4708,House
4709,House
4710,Townhome
4711,House
4712,Townhome
4713,Apartment
4714,Apartment
4715,House
4716,House
4717,Townhome
4718,Townhome
4719,House
4720,House
4721,Unknown
4722,House
4723,Apartment
4724,Condo
4725,Townhome
4726,Townhome
4727,Condo
4728,Townhome
4729,Condo
4730,House
4731,Townhome
4732,House
4733,House
4734,House
4735,House
4736,House
4737,House
4738,Unknown
4739,House
4740,Townhome
4741,Condo
4742,Townhome
4743,House
4744,House
4745,House
4746,House
4747,Apartment
4748,Apartment
4749,Apartment
4750,House
4751,Apartment
4752,Apartment
4753,Apartment
4754,Apartment
4755,Apartment
4756,Apartment
4757,Apartment
4758,Apartment
4759,Apartment
4760,Apartment
4761,Apartment
4762,Apartment
4763,Apartment
4764,Apartment
4765,Apartment
4766,Apartment
4767,Apartment
4768,House
4769,House
4770,Townhome
4771,Townhome
4772,House
4773,House
4774,Townhome
4775,House
4776,Townhome
4777,House
4778,House
4779,Townhome
4780,Townhome
4781,House
4782,Apartment
4783,Apartment
4784,Townhome
4785,House
4786,House
4787,House
4788,Townhome
4789,House
4790,Townhome
4791,House
4792,Townhome
4793,Apartment
4794,Apartment
4795,Apartment
4796,Apartment
4797,Apartment
4798,Apartment
4799,Townhome
4800,House
4801,Townhome
4802,Unknown
4803,House
4804,Townhome
4805,Townhome
4806,House
4807,House
4808,Townhome
4809,Townhome
4810,House
4811,Townhome
4812,House
4813,House
4814,House
4815,Apartment
4816,Apartment
4817,Apartment
4818,Condo
4819,Townhome
4820,Condo
4821,Condo
4822,Townhome
4823,Townhome
4824,Townhome
4825,Condo
4826,Condo
4827,Townhome
4828,Condo
4829,Townhome
4830,Condo
4831,House
4832,Townhome
4833,Townhome
4834,House
4835,House
4836,Townhome
4837,Townhome
4838,House
4839,House
4840,Condo
4841,Townhome
4842,Townhome
4843,Condo
4844,Townhome
4845,House
4846,Townhome
4847,Townhome
4848,Unknown
4849,House
4850,Townhome
4851,Condo
4852,Townhome
4853,House
4854,Apartment
4855,Apartment
4856,Apartment
4857,Apartment
4858,Apartment
4859,Apartment
4860,Apartment
4861,Apartment
4862,Apartment
4863,Apartment
4864,Apartment
4865,Apartment
4866,Apartment
4867,Apartment
4868,Apartment
4869,Townhome
4870,Apartment
4871,House
4872,Townhome
4873,House
4874,Townhome
4875,Townhome
4876,Townhome
4877,Condo
4878,Townhome
4879,Condo
4880,Townhome
4881,Condo
4882,Townhome
4883,Townhome
4884,Condo
4885,Townhome
4886,Townhome
4887,Townhome
4888,House
4889,Townhome
4890,House
4891,House
4892,House
4893,Townhome
4894,Townhome
4895,Townhome
4896,House
4897,Townhome
4898,Condo
4899,Townhome
4900,Condo
4901,Townhome
4902,Townhome
4903,Townhome
4904,Townhome
4905,Condo
4906,Condo
4907,Condo
4908,Townhome
4909,Condo
4910,House
4911,Townhome
4912,Townhome
4913,Townhome
4914,Condo
4915,Townhome
4916,Townhome
4917,Townhome
4918,Townhome
4919,House
4920,Townhome
4921,Condo
4922,Townhome
4923,Townhome
4924,Townhome
4925,House
4926,House
4927,Condo
4928,Condo
4929,Townhome
4930,Townhome
4931,Townhome
4932,Apartment
4933,Apartment
4934,Apartment
4935,Apartment
4936,Condo
4937,Apartment
4938,Townhome
4939,Townhome
4940,House
4941,House
4942,House
4943,Condo
4944,Condo
4945,House
4946,Townhome
4947,Apartment
4948,Apartment
4949,Apartment
4950,Apartment
4951,Apartment
4952,Apartment
4953,Apartment
4954,Apartment
4955,Apartment
4956,Apartment
4957,Apartment
4958,Apartment
4959,Apartment
4960,Apartment
4961,Apartment
4962,Apartment
4963,Apartment
4964,Apartment
4965,Apartment
4966,Apartment
4967,Apartment
4968,Apartment
4969,Apartment
4970,Apartment
4971,Apartment
4972,Apartment
4973,Apartment
4974,Apartment
4975,Apartment
4976,Unknown
4977,House
4978,House
4979,Unknown
4980,Townhome
4981,Townhome
4982,Condo
4983,Condo
4984,Unknown
4985,Condo
4986,House
4987,Townhome
4988,Townhome
4989,Townhome
4990,Townhome
4991,Townhome
4992,Townhome
4993,Townhome
4994,Condo
4995,House
4996,Condo
4997,Townhome
4998,Townhome
4999,Townhome
5000,Townhome
5001,Townhome
5002,House
5003,Condo
5004,Condo
5005,Condo
5006,House
5007,House
5008,House
5009,House
5010,Unknown
5011,House
5012,House
5013,House
5014,Apartment
5015,Apartment
5016,Apartment
5017,Apartment
5018,Apartment
5019,Apartment
5020,Apartment
5021,Apartment
5022,Apartment
5023,Apartment
5024,Apartment
5025,Apartment
5026,Apartment
5027,Apartment
5028,Apartment
5029,Apartment
5030,Apartment
5031,Townhome
5032,Apartment
5033,Condo
5034,Condo
5035,Condo
5036,Condo
5037,Condo
5038,Condo
5039,House
5040,Unknown
5041,Unknown
5042,Condo
5043,House
5044,Apartment
5045,Apartment
5046,Apartment
5047,Apartment
5048,Apartment
5049,Apartment
5050,Apartment
5051,House
5052,House
5053,House
5054,Townhome
5055,Apartment
5056,Apartment
5057,Apartment
5058,House
5059,House
5060,Townhome
5061,House
5062,House
5063,House
5064,House
5065,House
5066,Townhome
5067,House
5068,House
5069,House
5070,Unknown
5071,House
5072,Townhome
5073,Townhome
5074,House
5075,House
5076,Condo
5077,House
5078,House
5079,House
5080,Townhome
5081,Townhome
5082,House
5083,Townhome
5084,House
5085,House
5086,House
5087,Townhome
5088,House
5089,House
5090,House
5091,House
5092,House
5093,House
5094,House
5095,Condo
5096,Apartment
5097,Apartment
5098,Unknown
5099,Unknown
5100,Apartment
5101,Apartment
5102,Apartment
5103,Apartment
5104,Apartment
5105,Apartment
5106,Apartment
5107,Apartment
5108,Apartment
5109,Apartment
5110,Apartment
5111,Apartment
5112,Apartment
5113,Apartment
5114,Apartment
5115,Apartment
5116,Apartment
5117,Apartment
5118,Unknown
5119,Condo
5120,Condo
5121,Condo
5122,Condo
5123,Apartment
5124,Condo
5125,Townhome
5126,Condo
5127,Condo
5128,Condo
5129,Condo
5130,Townhome
5131,Townhome
5132,House
5133,Condo
5134,Townhome
5135,Condo
5136,Condo
5137,House
5138,Townhome
5139,Condo
5140,Townhome
5141,Townhome
5142,Condo
5143,House
5144,Townhome
5145,Townhome
5146,Condo
5147,Condo
5148,Townhome
5149,Condo
5150,Condo
5151,Townhome
5152,Unknown
5153,Condo
5154,Condo
5155,Condo
5156,House
5157,Condo
5158,Condo
5159,House
5160,Condo
5161,Condo
5162,Townhome
5163,Condo
5164,Townhome
5165,Condo
5166,Condo
5167,Condo
5168,Townhome
5169,Condo
5170,Condo
5171,Townhome
5172,House
5173,Townhome
5174,Townhome
5175,Townhome
5176,Townhome
5177,Townhome
5178,Townhome
5179,Unknown
5180,House
5181,Condo
5182,Condo
5183,House
5184,Condo
5185,House
5186,Townhome
5187,Townhome
5188,House
5189,Townhome
5190,Condo
5191,House
5192,Condo
5193,Townhome
5194,Condo
5195,Townhome
5196,Condo
5197,Townhome
5198,Townhome
5199,Unknown
5200,Townhome
5201,Townhome
5202,Townhome
5203,Condo
5204,Condo
5205,Townhome
5206,Townhome
5207,Townhome
5208,Townhome
5209,Condo
5210,Townhome
5211,Townhome
5212,Condo
5213,Condo
5214,House
5215,Condo
5216,House
5217,House
5218,House
5219,Townhome
5220,Unknown
5221,House
5222,Condo
5223,Condo
5224,Townhome
5225,Apartment
5226,Apartment
5227,Apartment
5228,Apartment
5229,Apartment
5230,Apartment
5231,Apartment
5232,Apartment
5233,Apartment
5234,Apartment
5235,Apartment
5236,Apartment
5237,Apartment
5238,Apartment
5239,Apartment
5240,Apartment
5241,Apartment
5242,House
5243,House
5244,Apartment
5245,Apartment
5246,Apartment
5247,Apartment
5248,Apartment
5249,Apartment
5250,Apartment
5251,Apartment
5252,Apartment
5253,Apartment
5254,Apartment
5255,Apartment
5256,Apartment
5257,Apartment
5258,Apartment
5259,Apartment
5260,Apartment
5261,Apartment
5262,Apartment
5263,Apartment
5264,Apartment
5265,Apartment
5266,Apartment
5267,Apartment
5268,Apartment
5269,Apartment
5270,Apartment
5271,Apartment
5272,Apartment
5273,Apartment
5274,Apartment
5275,Apartment
5276,Apartment
5277,Apartment
5278,Apartment
5279,Apartment
5280,Apartment
5281,Apartment
5282,Apartment
5283,Apartment
5284,Apartment
5285,Apartment
5286,Apartment
5287,Apartment
5288,Apartment
5289,Apartment
5290,Apartment
5291,Apartment
5292,Apartment
5293,Apartment
5294,Apartment
5295,Condo
5296,Unknown
5297,Condo
5298,Unknown
5299,House
5300,Condo
5301,Townhome
5302,Condo
5303,Condo
5304,Unknown
5305,Apartment
5306,Apartment
5307,Apartment
5308,Condo
5309,Condo
5310,Townhome
5311,House
5312,Condo
5313,Condo
5314,Townhome
5315,House
5316,Condo
5317,House
5318,Townhome
5319,Townhome
5320,Condo
5321,Townhome
5322,Condo
5323,Townhome
5324,House
5325,Condo
5326,Condo
5327,House
5328,Condo
5329,Townhome
5330,Condo
5331,Condo
5332,Townhome
5333,House
5334,Condo
5335,Townhome
5336,House
5337,House
5338,Condo
5339,Condo
5340,Townhome
5341,House
5342,House
5343,House
5344,Townhome
5345,Townhome
5346,Condo
5347,Townhome
5348,Condo
5349,Condo
5350,Condo
5351,Townhome
5352,Townhome
5353,Condo
5354,House
5355,Condo
5356,Condo
5357,Condo
5358,Unknown
5359,House
5360,House
5361,Condo
5362,House
5363,Townhome
5364,House
5365,House
5366,Condo
5367,Townhome
5368,Townhome
5369,Townhome
5370,Condo
5371,Townhome
5372,House
5373,Townhome
5374,Townhome
5375,Townhome
5376,Townhome
5377,Condo
5378,Unknown
5379,Condo
5380,Condo
5381,Condo
5382,House
5383,House
5384,House
5385,Townhome
5386,Condo
5387,House
5388,Condo
5389,Townhome
5390,Condo
5391,House
5392,House
5393,House
5394,House
5395,House
5396,House
5397,Townhome
5398,Townhome
5399,House
5400,Townhome
5401,House
5402,Apartment
5403,Apartment
5404,Apartment
5405,Apartment
5406,Apartment
5407,Apartment
5408,Apartment
5409,Apartment
5410,Apartment
5411,Apartment
5412,Apartment
5413,Apartment
5414,Apartment
5415,Apartment
5416,Apartment
5417,Apartment
5418,Apartment
5419,Apartment
5420,Apartment
5421,Apartment
5422,Apartment
5423,Apartment
5424,Apartment
5425,Apartment
5426,Apartment
5427,Apartment
5428,Apartment
5429,Apartment
5430,Apartment
5431,Apartment
5432,Apartment
5433,Apartment
5434,Apartment
5435,Apartment
5436,Apartment
5437,Apartment
5438,Apartment
5439,Apartment
5440,Apartment
5441,Apartment
5442,Townhome
5443,Townhome
5444,Townhome
5445,House
5446,Townhome
5447,Townhome
5448,House
5449,House
5450,Townhome
5451,Unknown
5452,House
5453,Townhome
5454,House
5455,Unknown
5456,House
5457,Townhome
5458,Townhome
5459,Townhome
5460,House
5461,Townhome
5462,House
5463,Townhome
5464,Townhome
5465,House
5466,House
5467,House
5468,House
5469,House
5470,House
5471,Townhome
5472,Unknown
5473,Townhome
5474,Townhome
5475,House
5476,Townhome
5477,House
5478,Townhome
5479,House
5480,House
5481,Townhome
5482,House
5483,House
5484,House
5485,House
5486,House
5487,Townhome
5488,Townhome
5489,Townhome
5490,Apartment
5491,Apartment
5492,Apartment
5493,Apartment
5494,Apartment
5495,Apartment
5496,Apartment
5497,Apartment
5498,Apartment
5499,Apartment
5500,Apartment
5501,Apartment
5502,Apartment
5503,Apartment
5504,Apartment
5505,House
5506,Apartment
5507,Apartment
5508,Apartment
5509,Apartment
5510,Townhome
5511,Unknown
5512,Apartment
5513,Apartment
5514,Apartment
5515,Apartment
5516,Apartment
5517,Apartment
5518,Apartment
5519,Apartment
5520,Apartment
5521,Apartment
5522,Apartment
5523,Apartment
5524,Apartment
5525,Apartment
5526,Apartment
5527,Apartment
5528,Apartment
5529,Apartment
5530,Condo
5531,Townhome
5532,House
5533,House
5534,House
5535,House
5536,House
5537,House
5538,Townhome
5539,Condo
5540,Condo
5541,Townhome
5542,Condo
5543,House
5544,House
5545,Townhome
5546,Townhome
5547,House
5548,House
5549,Townhome
5550,House
5551,Condo
5552,Townhome
5553,Townhome
5554,House
5555,Townhome
5556,House
5557,House
5558,House
5559,House
5560,House
5561,House
5562,House
5563,Apartment
5564,Unknown
5565,House
5566,House
5567,House
5568,House
5569,House
5570,House
5571,House
5572,House
5573,Townhome
5574,House
5575,House
5576,Townhome
5577,House
5578,House
5579,Apartment
5580,Apartment
5581,Apartment
5582,House
5583,House
5584,House
5585,House
5586,Apartment
5587,Apartment
5588,Apartment
5589,Apartment
5590,Condo
5591,Unknown
5592,Unknown
5593,Apartment
5594,Apartment
5595,Apartment
5596,Apartment
5597,Apartment
5598,Apartment
5599,Apartment
5600,Apartment
5601,Apartment
5602,Apartment
5603,Apartment
5604,Apartment
5605,Apartment
5606,Apartment
5607,Apartment
5608,Apartment
5609,Apartment
5610,Apartment
5611,Apartment
5612,Apartment
5613,Apartment
5614,Apartment
5615,Apartment
5616,Apartment
5617,Apartment
5618,Apartment
5619,Apartment
5620,Apartment
5621,Apartment
5622,Apartment
5623,Apartment
5624,Apartment
5625,Apartment
5626,Apartment
5627,Apartment
5628,Apartment
5629,Apartment
5630,Apartment
5631,Apartment
5632,Apartment
5633,Apartment
5634,Apartment
5635,Apartment
5636,Apartment
5637,Apartment
5638,Apartment
5639,Apartment
5640,Apartment
5641,Apartment
5642,Apartment
5643,Apartment
5644,Apartment
5645,Apartment
5646,Apartment
5647,Apartment
5648,Apartment
5649,Apartment
5650,Apartment
5651,Apartment
5652,Apartment
5653,Apartment
5654,Apartment
5655,Apartment
5656,Apartment
5657,Apartment
5658,Apartment
5659,Apartment
5660,Apartment
5661,Apartment
5662,Apartment
5663,Apartment
5664,Apartment
5665,Apartment
5666,Apartment
5667,Apartment
5668,Apartment
5669,Apartment
5670,Apartment
5671,Apartment
5672,Apartment
5673,Apartment
5674,Apartment
5675,Apartment
5676,Apartment
5677,Apartment
5678,Apartment
5679,Apartment
5680,Apartment
5681,Unknown
5682,Unknown
5683,Condo
5684,Condo
5685,Townhome
5686,Condo
5687,Unknown
5688,Unknown
5689,Unknown
5690,Townhome
5691,Condo
5692,Apartment
5693,Apartment
5694,Apartment
5695,Apartment
5696,House
5697,Condo
5698,House
5699,Townhome
5700,House
5701,House
5702,Townhome
5703,House
5704,House
5705,Condo
5706,House
5707,Condo
5708,Unknown
5709,Condo
5710,House
5711,Townhome
5712,House
5713,Condo
5714,House
5715,House
5716,House
5717,Townhome
5718,House
5719,Unknown
5720,Condo
5721,House
5722,Townhome
5723,House
5724,House
5725,Townhome
5726,Condo
5727,House
5728,House
5729,Condo
5730,Condo
5731,Condo
5732,Townhome
5733,Townhome
5734,Townhome
5735,Townhome
5736,House
5737,House
5738,House
5739,House
5740,House
5741,Condo
5742,Townhome
5743,Condo
5744,Condo
5745,Townhome
5746,House
5747,Townhome
5748,House
5749,House
5750,Condo
5751,House
5752,House
5753,Condo
5754,Condo
5755,Condo
5756,Condo
5757,House
5758,Condo
5759,Condo
5760,Townhome
5761,Townhome
5762,Unknown
5763,Condo
5764,Condo
5765,Condo
5766,Townhome
5767,Condo
5768,Townhome
5769,House
5770,House
5771,Condo
5772,House
5773,Townhome
5774,House
5775,Townhome
5776,House
5777,House
5778,House
5779,House
5780,Townhome
5781,Unknown
5782,Townhome
5783,Townhome
5784,Condo
5785,House
5786,Townhome
5787,House
5788,Condo
5789,Condo
5790,Townhome
5791,House
5792,House
5793,Condo
5794,House
5795,House
5796,House
5797,House
5798,House
5799,House
5800,House
5801,House
5802,House
5803,House
5804,Condo
5805,House
5806,House
5807,Condo
5808,Condo
5809,Condo
5810,Condo
5811,Condo
5812,House
5813,House
5814,Condo
5815,House
5816,Condo
5817,Townhome
5818,Townhome
5819,Townhome
5820,Apartment
5821,House
5822,House
5823,House
5824,Apartment
5825,Apartment
5826,Apartment
5827,Apartment
5828,Apartment
5829,Apartment
5830,Apartment
5831,Apartment
5832,Apartment
5833,Apartment
5834,Apartment
5835,Apartment
5836,Apartment
5837,Apartment
5838,Apartment
5839,Apartment
5840,Apartment
5841,Apartment
5842,Apartment
5843,Apartment
5844,Apartment
5845,Apartment
5846,Apartment
5847,Apartment
5848,Apartment
5849,Apartment
5850,Apartment
5851,Apartment
5852,Apartment
5853,Apartment
5854,Apartment
5855,Apartment
5856,Apartment
5857,Apartment
5858,Apartment
5859,Apartment
5860,Apartment
5861,Apartment
5862,Apartment
5863,Apartment
5864,Apartment
5865,Apartment
5866,Apartment
5867,Apartment
5868,Apartment
5869,Apartment
5870,Apartment
5871,Apartment
5872,Apartment
5873,Apartment
5874,Apartment
5875,Apartment
5876,Apartment
5877,Apartment
5878,Apartment
5879,Apartment
5880,Apartment
5881,Apartment
5882,Apartment
5883,Apartment
5884,Apartment
5885,Apartment
5886,Apartment
5887,Apartment
5888,Apartment
5889,Apartment
5890,Apartment
5891,Apartment
5892,Apartment
5893,Apartment
5894,Apartment
5895,Apartment
5896,Apartment
5897,Apartment
5898,Apartment
5899,Apartment
5900,Apartment
5901,Apartment
5902,Apartment
5903,Apartment
5904,Apartment
5905,Apartment
5906,Apartment
5907,Apartment
5908,Apartment
5909,Apartment
5910,Apartment
5911,Apartment
5912,Apartment
5913,Apartment
5914,Apartment
5915,Apartment
5916,Apartment
5917,Apartment
5918,Apartment
5919,Apartment
5920,Apartment
5921,Apartment
5922,Apartment
5923,Apartment
5924,Apartment
5925,Apartment
5926,Apartment
5927,Apartment
5928,Apartment
5929,Apartment
5930,Apartment
5931,Apartment
5932,Apartment
5933,Apartment
5934,Apartment
5935,Apartment
5936,Apartment
5937,Apartment
5938,Apartment
5939,Apartment
5940,Apartment
5941,Apartment
5942,Apartment
5943,Apartment
5944,Apartment
5945,Apartment
5946,Apartment
5947,Apartment
5948,Apartment
5949,Apartment
5950,Apartment
5951,Apartment
5952,Apartment
5953,Apartment
5954,Apartment
5955,Apartment
5956,Apartment
5957,Apartment
5958,Apartment
5959,Apartment
5960,Apartment
5961,Apartment
5962,Apartment
5963,Apartment
5964,Apartment
5965,Apartment
5966,Apartment
5967,Apartment
5968,Apartment
5969,Apartment
5970,Apartment
5971,Apartment
5972,Apartment
5973,Apartment
5974,Apartment
5975,Apartment
5976,Apartment
5977,Apartment
5978,Apartment
5979,Apartment
5980,Apartment
5981,Apartment
5982,Apartment
5983,Apartment
5984,Apartment
5985,Apartment
5986,Apartment
5987,Apartment
5988,Apartment
5989,Apartment
5990,Apartment
5991,Apartment
5992,Apartment
5993,Apartment
5994,Apartment
5995,Apartment
5996,Apartment
5997,Apartment
5998,Apartment
5999,Apartment
6000,Apartment
6001,Apartment
6002,Apartment
6003,Apartment
6004,Apartment
6005,Apartment
6006,Apartment
6007,Apartment
6008,Apartment
6009,Apartment
6010,Apartment
6011,Apartment
6012,Apartment
6013,Apartment
6014,Apartment
6015,Apartment
6016,Apartment
6017,Apartment
6018,Apartment
6019,Apartment
6020,Apartment
6021,Apartment
6022,Apartment
6023,Apartment
6024,Apartment
6025,Apartment
6026,Apartment
6027,Apartment
6028,House
6029,Apartment
6030,Apartment
6031,Apartment
6032,Apartment
6033,Condo
6034,Apartment
6035,Apartment
6036,Townhome
6037,Condo
6038,Townhome
6039,Townhome
6040,House
6041,House
6042,House
6043,House
6044,House
6045,Townhome
6046,Townhome
6047,Townhome
6048,House
6049,House
6050,House
6051,House
6052,Townhome
6053,Condo
6054,Townhome
6055,Condo
6056,House
6057,Townhome
6058,House
6059,Townhome
6060,Townhome
6061,Townhome
6062,Townhome
6063,Townhome
6064,Townhome
6065,House
6066,Condo
6067,Townhome
6068,House
6069,House
6070,Townhome
6071,House
6072,Condo
6073,Townhome
6074,Townhome
6075,House
6076,House
6077,Townhome
6078,House
6079,House
6080,House
6081,Townhome
6082,House
6083,Townhome
6084,Townhome
6085,Condo
6086,Condo
6087,House
6088,Townhome
6089,Townhome
6090,House
6091,Townhome
6092,House
6093,House
6094,Townhome
6095,House
6096,Townhome
6097,Apartment
6098,Apartment
6099,Apartment
6100,Apartment
6101,Apartment
6102,Apartment
6103,Apartment
6104,Apartment
6105,Apartment
6106,Apartment
6107,Apartment
6108,Apartment
6109,Apartment
6110,Apartment
6111,House
6112,Apartment
6113,Townhome
6114,House
6115,Townhome
6116,Condo
6117,Townhome
6118,Townhome
6119,Condo
6120,House
6121,Townhome
6122,Townhome
6123,Townhome
6124,Condo
6125,Townhome
6126,Townhome
6127,Townhome
6128,Condo
6129,Townhome
6130,Townhome
6131,Townhome
6132,Townhome
6133,House
6134,House
6135,House
6136,House
6137,Condo
6138,Condo
6139,House
6140,Townhome
6141,House
6142,Townhome
6143,Townhome
6144,Condo
6145,Condo
6146,Condo
6147,House
6148,Condo
6149,House
6150,Condo
6151,Townhome
6152,Townhome
6153,Townhome
6154,House
6155,House
6156,House
6157,Townhome
6158,House
6159,House
6160,Townhome
6161,Condo
6162,House
6163,House
6164,House
6165,House
6166,House
6167,House
6168,Townhome
6169,Townhome
6170,Unknown
6171,Apartment
6172,Apartment
6173,Apartment
6174,Apartment
6175,Apartment
6176,Apartment
6177,Apartment
6178,Apartment
6179,Apartment
6180,Apartment
6181,Condo
6182,Apartment
6183,House
6184,Unknown
6185,Unknown
6186,Apartment
6187,Apartment
6188,Apartment
6189,Apartment
6190,Apartment
6191,Apartment
6192,Apartment
6193,Apartment
6194,Apartment
6195,Apartment
6196,Unknown
6197,Unknown
6198,House
6199,House
6200,Apartment
6201,Apartment
6202,Apartment
6203,Apartment
6204,Apartment
6205,Apartment
6206,Apartment
6207,Apartment
6208,Apartment
6209,Apartment
6210,Apartment
6211,Apartment
6212,Apartment
6213,Apartment
6214,Apartment
6215,Apartment
6216,Apartment
6217,Apartment
6218,Apartment
6219,Apartment
6220,Apartment
6221,Apartment
6222,Apartment
6223,Apartment
6224,Apartment
6225,Apartment
6226,Apartment
6227,Apartment
6228,Apartment
6229,Apartment
6230,Apartment
6231,Apartment
6232,Apartment
6233,Apartment
6234,Apartment
6235,Apartment
6236,Apartment
6237,Apartment
6238,Apartment
6239,Apartment
6240,Apartment
6241,Apartment
6242,Apartment
6243,Apartment
6244,Apartment
6245,Apartment
6246,Apartment
6247,Apartment
6248,Apartment
6249,Apartment
6250,Apartment
6251,Apartment
6252,Apartment
6253,Apartment
6254,Apartment
6255,Apartment
6256,Apartment
6257,Apartment
6258,Apartment
6259,Apartment
6260,Apartment
6261,Apartment
6262,Apartment
6263,Apartment
6264,Apartment
6265,Apartment
6266,Apartment
6267,Apartment
6268,Apartment
6269,Apartment
6270,Apartment
6271,Apartment
6272,Apartment
6273,Apartment
6274,Apartment
6275,Apartment
6276,Apartment
6277,Apartment
6278,Apartment
6279,Apartment
6280,Apartment
6281,Apartment
6282,Apartment
6283,Apartment
6284,Apartment
6285,Apartment
6286,Apartment
6287,Apartment
6288,Apartment
6289,Apartment
6290,Apartment
6291,Apartment
6292,Apartment
6293,Apartment
6294,Apartment
6295,Apartment
6296,Apartment
6297,Apartment
6298,Apartment
6299,Apartment
6300,Apartment
6301,Apartment
6302,Apartment
6303,Apartment
6304,Apartment
6305,Apartment
6306,Apartment
6307,Apartment
6308,Apartment
6309,Apartment
6310,Apartment
6311,Apartment
6312,Apartment
6313,Apartment
6314,Apartment
6315,Apartment
6316,Apartment
6317,Apartment
6318,Apartment
6319,Apartment
6320,Apartment
6321,House
6322,Condo
6323,Apartment
6324,Apartment
6325,Apartment
6326,Apartment
6327,Apartment
6328,Apartment
6329,Apartment
6330,Apartment
6331,House
6332,House
6333,House
6334,House
6335,House
6336,Apartment
6337,Apartment
6338,Apartment
6339,Apartment
6340,Apartment
6341,Apartment
6342,Apartment
6343,Apartment
6344,Apartment
6345,Townhome
6346,House
6347,Townhome
6348,House
6349,House
6350,Townhome
6351,House
6352,Condo
6353,House
6354,House
6355,Townhome
6356,Townhome
6357,Apartment
6358,Apartment
6359,Apartment
6360,Apartment
6361,Apartment
6362,Apartment
6363,Apartment
6364,Unknown
6365,House
6366,Townhome
6367,Condo
6368,Townhome
6369,House
6370,House
6371,Condo
6372,House
6373,House
6374,Townhome
6375,Townhome
6376,Condo
6377,House
6378,House
6379,House
6380,Condo
6381,Townhome
6382,Townhome
6383,Condo
6384,Townhome
6385,Condo
6386,House
6387,House
6388,House
6389,House
6390,House
6391,Condo
6392,House
6393,House
6394,House
6395,House
6396,Townhome
6397,House
6398,Unknown
6399,House
6400,Apartment
6401,Apartment
6402,Apartment
6403,Apartment
6404,Apartment
6405,House
6406,House
6407,House
6408,House
6409,House
6410,House
6411,House
6412,Townhome
6413,House
6414,House
6415,House
6416,Townhome
6417,House
6418,Townhome
6419,House
6420,Townhome
6421,House
6422,House
6423,House
6424,Townhome
6425,House
6426,House
6427,House
6428,Townhome
6429,House
6430,House
6431,House
6432,House
6433,Apartment
6434,Apartment
6435,Apartment
6436,Apartment
6437,Apartment
6438,Apartment
6439,Apartment
6440,Townhome
6441,House
6442,Townhome
6443,House
6444,House
6445,House
6446,House
6447,House
6448,House
6449,House
6450,Townhome
6451,House
6452,Townhome
6453,House
6454,House
6455,House
6456,Condo
6457,Apartment
6458,Apartment
6459,Apartment
6460,Apartment
6461,Apartment
6462,Apartment
6463,Apartment
6464,Apartment
6465,Apartment
6466,Apartment
6467,Apartment
6468,Apartment
6469,Apartment
6470,Apartment
6471,Apartment
6472,Apartment
6473,Apartment
6474,Apartment
6475,Apartment
6476,Apartment
6477,Apartment
6478,Apartment
6479,Apartment
6480,Apartment
6481,Apartment
6482,Apartment
6483,Apartment
6484,Apartment
6485,Apartment
6486,Apartment
6487,Apartment
6488,Apartment
6489,Apartment
6490,Apartment
6491,Apartment
6492,Apartment
6493,Apartment
6494,Apartment
6495,Apartment
6496,Apartment
6497,Apartment
6498,Apartment
6499,Apartment
6500,Apartment
6501,Apartment
6502,Apartment
6503,Apartment
6504,Apartment
6505,Apartment
6506,Apartment
6507,Apartment
6508,Apartment
6509,Apartment
6510,Apartment
6511,Apartment
6512,Apartment
6513,Apartment
6514,Apartment
6515,Apartment
6516,Apartment
6517,Apartment
6518,Apartment
6519,Apartment
6520,Apartment
6521,Apartment
6522,Apartment
6523,Apartment
6524,Apartment
6525,Apartment
6526,Apartment
6527,Apartment
6528,Apartment
6529,Apartment
6530,Apartment
6531,Apartment
6532,Apartment
6533,Apartment
6534,Apartment
6535,Apartment
6536,Apartment
6537,Apartment
6538,Apartment
6539,Apartment
6540,Apartment
6541,Apartment
6542,Apartment
6543,Apartment
6544,Apartment
6545,Apartment
6546,Apartment
6547,Apartment
6548,Apartment
6549,Apartment
6550,Apartment
6551,Apartment
6552,Apartment
6553,Apartment
6554,Apartment
6555,Apartment
6556,Apartment
6557,Apartment
6558,Apartment
6559,Apartment
6560,Apartment
6561,Apartment
6562,Apartment
6563,Apartment
6564,Apartment
6565,Apartment
6566,Apartment
6567,Apartment
6568,Apartment
6569,Apartment
6570,Apartment
6571,Apartment
6572,Apartment
6573,Apartment
6574,Apartment
6575,Apartment
6576,Apartment
6577,Apartment
6578,Apartment
6579,Apartment
6580,Apartment
6581,Apartment
6582,Apartment
6583,Apartment
6584,Apartment
6585,Apartment
6586,Apartment
6587,Apartment
6588,Apartment
6589,Apartment
6590,Apartment
6591,Apartment
6592,Apartment
6593,Apartment
6594,Apartment
6595,Apartment
6596,Apartment
6597,Apartment
6598,Apartment
6599,Apartment
6600,Apartment
6601,Apartment
6602,Apartment
6603,Apartment
6604,Apartment
6605,Apartment
6606,Apartment
6607,Apartment
6608,Apartment
6609,Apartment
6610,Apartment
6611,Apartment
6612,Apartment
6613,Apartment
6614,Apartment
6615,Apartment
6616,Apartment
6617,Apartment
6618,Apartment
6619,Apartment
6620,Apartment
6621,Apartment
6622,Apartment
6623,Apartment
6624,Apartment
6625,Apartment
6626,Apartment
6627,Apartment
6628,Apartment
6629,Apartment
6630,Apartment
6631,Apartment
6632,Apartment
6633,Apartment
6634,Apartment
6635,Apartment
6636,Apartment
6637,Apartment
6638,Apartment
6639,Apartment
6640,Apartment
6641,Apartment
6642,Apartment
6643,Apartment
6644,Apartment
6645,Apartment
6646,Apartment
6647,Apartment
6648,Apartment
6649,Apartment
6650,Apartment
6651,Apartment
6652,Apartment
6653,Apartment
6654,Apartment
6655,Apartment
6656,Apartment
6657,Apartment
6658,Apartment
6659,Apartment
6660,Apartment
6661,Apartment
6662,Apartment
6663,Apartment
6664,Apartment
6665,Apartment
6666,Apartment
6667,Apartment
6668,Apartment
6669,Apartment
6670,Apartment
6671,Apartment
6672,Apartment
6673,Apartment
6674,Apartment
6675,Apartment
6676,Apartment
6677,Apartment
6678,Apartment
6679,Apartment
6680,Apartment
6681,Apartment
6682,Apartment
6683,Apartment
6684,Apartment
6685,Apartment
6686,Apartment
6687,Apartment
6688,Apartment
6689,Apartment
6690,Apartment
6691,Apartment
6692,Apartment
6693,Apartment
6694,Apartment
6695,Apartment
6696,Apartment
6697,Apartment
6698,Apartment
6699,Apartment
6700,Apartment
6701,Apartment
6702,Apartment
6703,Apartment
6704,Apartment
6705,Apartment
6706,Apartment
6707,Apartment
6708,Apartment
6709,Apartment
6710,Apartment
6711,Apartment
6712,Apartment
6713,Apartment
6714,Apartment
6715,Apartment
6716,Apartment
6717,Apartment
6718,Apartment
6719,Apartment
6720,Apartment
6721,Apartment
6722,Apartment
6723,Apartment
6724,Apartment
6725,Apartment
6726,Apartment
6727,Apartment
6728,Apartment
6729,Apartment
6730,Apartment
6731,Apartment
6732,Apartment
6733,Apartment
6734,Apartment
6735,Apartment
6736,Apartment
6737,Apartment
6738,Apartment
6739,Apartment
6740,Condo
6741,Unknown
6742,Unknown
6743,Condo
6744,Townhome
6745,House
6746,House
6747,Townhome
6748,Unknown
6749,House
6750,Condo
6751,Unknown
6752,Unknown
6753,Condo
6754,Unknown
6755,Townhome
6756,Unknown
6757,House
6758,Unknown
6759,Townhome
6760,House
6761,House
6762,Unknown
6763,Condo
6764,Condo
6765,Condo
6766,Condo
6767,Unknown
6768,Condo
6769,Unknown
6770,Condo
6771,Unknown
6772,Townhome
6773,Condo
6774,Condo
6775,Unknown
6776,Unknown
6777,Unknown
6778,Unknown
6779,Condo
6780,Condo
6781,Condo
6782,Condo
6783,Unknown
6784,Unknown
6785,Condo
6786,Unknown
6787,Townhome
6788,Townhome
6789,Condo
6790,Condo
6791,Condo
6792,Unknown
6793,Condo
6794,Unknown
6795,Townhome
6796,Unknown
6797,Condo
6798,Condo
6799,Condo
6800,Condo
6801,Condo
6802,Townhome
6803,Condo
6804,Unknown
6805,Condo
6806,Townhome
6807,Unknown
6808,Townhome
6809,Unknown
6810,Unknown
6811,Unknown
6812,Unknown
6813,Unknown
6814,Unknown
6815,Unknown
6816,Condo
6817,Condo
6818,Unknown
6819,Condo
6820,Unknown
6821,Condo
6822,Townhome
6823,Townhome
6824,Condo
6825,Condo
6826,Condo
6827,Condo
6828,Condo
6829,Unknown
6830,Unknown
6831,Unknown
6832,Unknown
6833,Unknown
6834,Condo
6835,Condo
6836,Condo
6837,Unknown
6838,Condo
6839,Unknown
6840,Condo
6841,Condo
6842,Condo
6843,Condo
6844,Condo
6845,Unknown
6846,Condo
6847,Unknown
6848,Unknown
6849,Unknown
6850,House
6851,Unknown
6852,Condo
6853,Condo
6854,Condo
6855,Unknown
6856,Unknown
6857,Unknown
6858,Unknown
6859,Unknown
6860,Townhome
6861,Condo
6862,Townhome
6863,Condo
6864,Unknown
6865,Unknown
6866,Condo
6867,Unknown
6868,Condo
6869,Condo
6870,Townhome
6871,House
6872,Unknown
6873,Condo
6874,Condo
6875,Townhome
6876,Unknown
6877,Unknown
6878,Condo
6879,Condo
6880,Unknown
6881,Townhome
6882,Unknown
6883,Condo
6884,Unknown
6885,Condo
6886,House
6887,Unknown
6888,Unknown
6889,Unknown
6890,Townhome
6891,Condo
6892,Condo
6893,Unknown
6894,Townhome
6895,Condo
6896,Condo
6897,Townhome
6898,House
6899,Condo
6900,Condo
6901,Unknown
6902,Unknown
6903,Condo
6904,Unknown
6905,Unknown
6906,Unknown
6907,Unknown
6908,Condo
6909,Unknown
6910,Condo
6911,Unknown
6912,Townhome
6913,Unknown
6914,Condo
6915,Unknown
6916,Unknown
6917,Condo
6918,Condo
6919,Townhome
6920,House
6921,Condo
6922,Unknown
6923,Condo
6924,Townhome
6925,Condo
6926,Condo
6927,Unknown
6928,Unknown
6929,Townhome
6930,Unknown
6931,Townhome
6932,Unknown
6933,Condo
6934,Condo
6935,Unknown
6936,Unknown
6937,Unknown
6938,Unknown
6939,Unknown
6940,Unknown
6941,Condo
6942,Unknown
6943,Unknown
6944,Unknown
6945,Unknown
6946,Townhome
6947,Unknown
6948,Condo
6949,Condo
6950,Condo
6951,Condo
6952,Apartment
6953,Apartment
6954,Apartment
6955,Apartment
6956,Apartment
6957,Apartment
6958,Apartment
6959,Unknown
6960,Condo
6961,Condo
6962,Condo
6963,Condo
6964,House
6965,Condo
6966,House
6967,Unknown
6968,Townhome
6969,Unknown
6970,Townhome
6971,Townhome
6972,Condo
6973,House
6974,Condo
6975,House
6976,House
6977,Townhome
6978,Townhome
6979,House
6980,Unknown
6981,Unknown
6982,Condo
6983,Unknown
6984,House
6985,Condo
6986,House
6987,Unknown
6988,Condo
6989,House
6990,Condo
6991,Townhome
6992,House
6993,Condo
6994,Condo
6995,House
6996,House
6997,House
6998,House
6999,House
7000,Condo
7001,Condo
7002,Condo
7003,Condo
7004,House
7005,House
7006,Condo
7007,Condo
7008,House
7009,Townhome
7010,Unknown
7011,House
7012,House
7013,House
7014,Unknown
7015,Unknown
7016,House
7017,Townhome
7018,House
7019,House
7020,House
7021,Unknown
7022,Unknown
7023,Unknown
7024,Unknown
7025,Condo
7026,Unknown
7027,Townhome
7028,House
7029,Condo
7030,Condo
7031,Condo
7032,Condo
7033,Condo
7034,Condo
7035,Condo
7036,Condo
7037,Condo
7038,Condo
7039,Condo
7040,Condo
7041,Condo
7042,Condo
7043,Condo
7044,Condo
7045,Condo
7046,Condo
7047,Condo
7048,Condo
7049,Condo
7050,Condo
7051,Condo
7052,Condo
7053,Condo
7054,Condo
7055,Apartment
7056,Unknown
7057,Apartment
7058,Apartment
7059,Apartment
7060,Condo
7061,Apartment
7062,Apartment
7063,House
7064,Condo
7065,Apartment
7066,Condo
7067,Apartment
7068,Apartment
7069,Apartment
7070,Apartment
7071,Apartment
7072,Apartment
7073,Apartment
7074,Apartment
7075,Apartment
7076,Apartment
7077,Apartment
7078,Apartment
7079,Apartment
7080,Apartment
7081,Apartment
7082,Apartment
7083,Apartment
7084,Apartment
7085,Apartment
7086,Apartment
7087,Apartment
7088,Apartment
7089,Apartment
7090,Apartment
7091,Apartment
7092,Apartment
7093,Apartment
7094,Apartment
7095,Apartment
7096,Apartment
7097,Apartment
7098,Apartment
7099,Apartment
7100,Apartment
7101,Apartment
7102,Apartment
7103,Apartment
7104,Apartment
7105,Apartment
7106,Apartment
7107,Apartment
7108,Apartment
7109,Apartment
7110,Apartment
7111,Apartment
7112,Apartment
7113,Apartment
7114,Apartment
7115,Apartment
7116,Apartment
7117,Apartment
7118,Townhome
7119,Apartment
7120,Apartment
7121,Apartment
7122,Apartment
7123,Apartment
7124,Apartment
7125,Apartment
7126,Apartment
7127,Townhome
7128,Condo
7129,Condo
7130,House
7131,Apartment
7132,Apartment
7133,Apartment
7134,House
7135,House
7136,House
7137,House
7138,Apartment
7139,Apartment
7140,Apartment
7141,Apartment
7142,Apartment
7143,Apartment
7144,Apartment
7145,Apartment
7146,Apartment
7147,Apartment
7148,Apartment
7149,Apartment
7150,Apartment
7151,Apartment
7152,Apartment
7153,Apartment
7154,Apartment
7155,Apartment
7156,Apartment
7157,Apartment
7158,Apartment
7159,Apartment
7160,Apartment
7161,Apartment
7162,Condo
7163,Apartment
7164,House
7165,Townhome
7166,Condo
7167,House
7168,Condo
7169,Townhome
7170,Townhome
7171,House
7172,Condo
7173,Townhome
7174,Condo
7175,Condo
7176,House
7177,Unknown
7178,Condo
7179,Condo
7180,Townhome
7181,Condo
7182,Condo
7183,Unknown
7184,House
7185,Townhome
7186,Townhome
7187,Townhome
7188,Townhome
7189,Townhome
7190,House
7191,Condo
7192,Condo
7193,Townhome
7194,Condo
7195,Condo
7196,Condo
7197,House
7198,Townhome
7199,House
7200,Condo
7201,Condo
7202,Townhome
7203,Townhome
7204,Townhome
7205,Condo
7206,Condo
7207,Townhome
7208,Condo
7209,Condo
7210,Townhome
7211,House
7212,Condo
7213,Townhome
7214,Condo
7215,Townhome
7216,Townhome
7217,Townhome
7218,House
7219,Townhome
7220,Condo
7221,House
7222,Townhome
7223,Townhome
7224,House
7225,House
7226,Condo
7227,Townhome
7228,Unknown
7229,House
7230,Apartment
7231,Apartment
7232,Apartment
7233,Apartment
7234,Apartment
7235,Apartment
7236,Apartment
7237,Apartment
7238,Apartment
7239,Apartment
7240,Apartment
7241,Apartment
7242,Apartment
7243,Apartment
